Rodada,Bilhete,Alvo de odd,Pernas,Prob. combinada,Odd justa do bilhete,Odd provável na casa,Retorno esperado,Perna,Data,Partida,Mercado,Prob. da perna,Odd justa da perna,Confiança
21,Muito seguro,1.5,2,0.6593354618500378,1.5166786224330893,1.3255087892664226,-0.12604505024273893,1,2026-10-02,Sao Paulo x Santos,Multi-gols 1-4,0.8136499951850652,1.229029688339824,Alta
21,Muito seguro,1.5,2,0.6593354618500378,1.5166786224330893,1.3255087892664226,-0.12604505024273893,2,2026-10-03,Atletico-MG x Bragantino,Multi-gols 1-4,0.8103428571889458,1.2340455538399744,Alta
21,Seguro,2.0,2,0.501315497738017,1.994751816993679,1.7433232239989163,-0.12604505024273882,1,2026-07-30,Chapecoense-SC x Vasco,Multi-gols 2-5,0.7041337321162882,1.420184766598924,Alta
21,Seguro,2.0,2,0.501315497738017,1.994751816993679,1.7433232239989163,-0.12604505024273882,2,2026-10-03,Atletico-MG x Bragantino,"Mais de 1,5 gols",0.7119606331474891,1.404572041545506,Alta
21,Moderado,3.0,2,0.3289791674909173,3.0397061541217765,2.6565662392023346,-0.12604505024273882,1,2026-10-02,Sao Paulo x Santos,"Mais de 9,5 escanteios",0.5775834679722457,1.7313514936823857,Média
21,Moderado,3.0,2,0.3289791674909173,3.0397061541217765,2.6565662392023346,-0.12604505024273882,2,2026-07-30,Chapecoense-SC x Vasco,Ambas marcam - SIM,0.5695785730257875,1.755684022114233,Média
21,Equilibrado,5.0,2,0.20140043522183337,4.965232567141902,4.339389578749618,-0.12604505024273882,1,2026-10-03,Atletico-MG x Bragantino,Multi-gols 3-6,0.4427569473767904,2.25857551400315,Alta
21,Equilibrado,5.0,2,0.20140043522183337,4.965232567141902,4.339389578749618,-0.12604505024273882,2,2026-10-02,Sao Paulo x Santos,"Mais de 5,5 cartões",0.4548780915016104,2.198391214443573,Média
21,Ousado,10.0,3,0.1003539317818929,9.964731647718384,8.141401580165414,-0.18297834121508494,1,2026-07-30,Chapecoense-SC x Vasco,Multi-gols 0-2,0.4644432059204664,2.153115789514305,Alta
21,Ousado,10.0,3,0.1003539317818929,9.964731647718384,8.141401580165414,-0.18297834121508494,2,2026-10-03,Atletico-MG x Bragantino,Multi-gols 1-2,0.46257124621364243,2.161829141317058,Alta
21,Ousado,10.0,3,0.1003539317818929,9.964731647718384,8.141401580165414,-0.18297834121508494,3,2026-10-02,Sao Paulo x Santos,"Mais de 10,5 escanteios",0.46711428094179386,2.140803740754413,Média
29,Muito seguro,1.5,2,0.6670165633846858,1.4992131453612403,1.310244749129608,-0.12604505024273893,1,2026-10-07,Athletico-PR x Atletico-MG,Multi-gols 1-4,0.8153701856480159,1.2264367984037208,Alta
29,Muito seguro,1.5,2,0.6670165633846858,1.4992131453612403,1.310244749129608,-0.12604505024273893,2,2026-10-07,Cruzeiro x Sao Paulo,Multi-gols 1-4,0.8180536584797665,1.2224137006591405,Alta
29,Seguro,2.0,2,0.4997803763131512,2.0008788807934756,1.748678001734227,-0.12604505024273882,1,2026-10-07,Botafogo RJ x Vasco,Multi-gols 2-5,0.7083689372060209,1.4116937480972032,Alta
29,Seguro,2.0,2,0.4997803763131512,2.0008788807934756,1.748678001734227,-0.12604505024273882,2,2026-10-07,Internacional x Corinthians,Multi-gols 1-3,0.7055368326629431,1.4173604462656468,Alta
29,Moderado,3.0,2,0.33131664099312486,3.01826070976239,2.637823886954705,-0.12604505024273893,1,2026-10-07,Internacional x Corinthians,Multi-gols 2-4,0.5779398821877824,1.7302837731400638,Alta
29,Moderado,3.0,2,0.33131664099312486,3.01826070976239,2.637823886954705,-0.12604505024273893,2,2026-10-07,Athletico-PR x Atletico-MG,"Menos de 2,5 gols",0.573271807681676,1.7443732390120883,Alta
29,Equilibrado,5.0,2,0.199120478997421,5.022085146816828,4.389076172162988,-0.12604505024273882,1,2026-10-07,Cruzeiro x Sao Paulo,"Mais de 10,5 escanteios",0.4479304182949022,2.232489599180634,Média
29,Equilibrado,5.0,2,0.199120478997421,5.022085146816828,4.389076172162988,-0.12604505024273882,2,2026-10-07,Vitoria x Chapecoense-SC,"Mais de 4,5 cartões",0.44453439834560826,2.2495447005262768,Média
29,Ousado,10.0,3,0.09986906617539926,10.013110548602786,8.18092819001618,-0.18297834121508483,1,2026-10-07,Fluminense x Coritiba,Multi-gols 0-2,0.4645362521507615,2.152684522187642,Alta
29,Ousado,10.0,3,0.09986906617539926,10.013110548602786,8.18092819001618,-0.18297834121508483,2,2026-10-07,Palmeiras x Bahia,Ambas marcam - SIM,0.46368851180929704,2.1566201761135586,Média
29,Ousado,10.0,3,0.09986906617539926,10.013110548602786,8.18092819001618,-0.18297834121508483,3,2026-10-07,Santos x Flamengo RJ,Multi-gols 2-3,0.4636444240601193,2.156825248199972,Alta
29,Arriscado,25.0,4,0.04058167264551149,24.641665431959577,18.821236395974335,-0.23620274579478306,1,2026-10-07,Cruzeiro x Sao Paulo,"Mais de 10,5 escanteios",0.4479304182949022,2.232489599180634,Média
29,Arriscado,25.0,4,0.04058167264551149,24.641665431959577,18.821236395974335,-0.23620274579478306,2,2026-10-07,Vitoria x Chapecoense-SC,"Mais de 4,5 cartões",0.44453439834560826,2.2495447005262768,Média
29,Arriscado,25.0,4,0.04058167264551149,24.641665431959577,18.821236395974335,-0.23620274579478306,3,2026-10-07,Santos x Flamengo RJ,Multi-gols 3-5,0.45126211496393887,2.2160069876016775,Alta
29,Arriscado,25.0,4,0.04058167264551149,24.641665431959577,18.821236395974335,-0.23620274579478306,4,2026-10-07,Botafogo RJ x Vasco,"Menos de 2,5 gols",0.45163245188950185,2.2141898701394997,Alta
29,Agressivo,50.0,4,0.019896533013489492,50.26001260229699,38.38845962195404,-0.23620274579478306,1,2026-10-07,Remo x Gremio,Multi-gols 3-4,0.37499608376949534,2.6666945157077575,Alta
29,Agressivo,50.0,4,0.019896533013489492,50.26001260229699,38.38845962195404,-0.23620274579478306,2,2026-10-07,Palmeiras x Bahia,Multi-gols 3-4,0.3740832235450973,2.6732019429346203,Alta
29,Agressivo,50.0,4,0.019896533013489492,50.26001260229699,38.38845962195404,-0.23620274579478306,3,2026-10-07,Fluminense x Coritiba,Empate ou fora (X2),0.37277224747798443,2.682603135736544,Alta
29,Agressivo,50.0,4,0.019896533013489492,50.26001260229699,38.38845962195404,-0.23620274579478306,4,2026-10-07,Athletico-PR x Atletico-MG,"Mais de 5,5 cartões",0.38048616566984306,2.628216451022621,Média
29,Muito agressivo,100.0,5,0.01010187446436419,98.99152909963823,70.68392358990836,-0.2859598772460352,1,2026-10-07,Botafogo RJ x Vasco,Multi-gols 1-2,0.3964702628648325,2.522257262812488,Alta
29,Muito agressivo,100.0,5,0.01010187446436419,98.99152909963823,70.68392358990836,-0.2859598772460352,2,2026-10-07,Athletico-PR x Atletico-MG,Multi-gols 3-5,0.39186985898081234,2.5518676088046988,Alta
29,Muito agressivo,100.0,5,0.01010187446436419,98.99152909963823,70.68392358990836,-0.2859598772460352,3,2026-10-07,Internacional x Corinthians,"Mais de 10,5 escanteios",0.39178298011496393,2.55243349189534,Média
29,Muito agressivo,100.0,5,0.01010187446436419,98.99152909963823,70.68392358990836,-0.2859598772460352,4,2026-10-07,Fluminense x Coritiba,Multi-gols 1-2,0.4061603529780939,2.462081768118649,Alta
29,Muito agressivo,100.0,5,0.01010187446436419,98.99152909963823,70.68392358990836,-0.2859598772460352,5,2026-10-07,Santos x Flamengo RJ,"Mais de 10,5 escanteios",0.408607557216091,2.447336037573952,Média
29,Risco máximo,250.0,6,0.003845967218324153,260.0126166534881,173.5647635640853,-0.33247560907634555,1,2026-10-07,Botafogo RJ x Vasco,Multi-gols 1-2,0.3964702628648325,2.522257262812488,Alta
29,Risco máximo,250.0,6,0.003845967218324153,260.0126166534881,173.5647635640853,-0.33247560907634555,2,2026-10-07,Athletico-PR x Atletico-MG,Multi-gols 3-5,0.39186985898081234,2.5518676088046988,Alta
29,Risco máximo,250.0,6,0.003845967218324153,260.0126166534881,173.5647635640853,-0.33247560907634555,3,2026-10-07,Internacional x Corinthians,"Mais de 10,5 escanteios",0.39178298011496393,2.55243349189534,Média
29,Risco máximo,250.0,6,0.003845967218324153,260.0126166534881,173.5647635640853,-0.33247560907634555,4,2026-10-07,Fluminense x Coritiba,Multi-gols 1-2,0.4061603529780939,2.462081768118649,Alta
29,Risco máximo,250.0,6,0.003845967218324153,260.0126166534881,173.5647635640853,-0.33247560907634555,5,2026-10-07,Santos x Flamengo RJ,"Mais de 10,5 escanteios",0.408607557216091,2.447336037573952,Média
29,Risco máximo,250.0,6,0.003845967218324153,260.0126166534881,173.5647635640853,-0.33247560907634555,6,2026-10-07,Remo x Gremio,Vitória do mandante,0.3807181758089901,2.6266148125843864,Alta
30,Muito seguro,1.5,2,0.6677042983670761,1.4976689568205257,1.3088951979110923,-0.12604505024273882,1,2026-10-11,Sao Paulo x Vitoria,Multi-gols 1-4,0.8167090137124428,1.2244263050978064,Alta
30,Muito seguro,1.5,2,0.6677042983670761,1.4976689568205257,1.3088951979110923,-0.12604505024273882,2,2026-10-11,Bragantino x Cruzeiro,Multi-gols 1-4,0.8175547069475223,1.2231597365926345,Alta
30,Seguro,2.0,2,0.5003175338425663,1.9987306707397299,1.7468005629246375,-0.12604505024273882,1,2026-10-11,Gremio x Internacional,"Mais de 1,5 gols",0.706633263743484,1.4151612318706404,Alta
30,Seguro,2.0,2,0.5003175338425663,1.9987306707397299,1.7468005629246375,-0.12604505024273882,2,2026-10-11,Palmeiras x Corinthians,"Mais de 8,5 escanteios",0.708029977519127,1.4123695772090181,Média
30,Moderado,3.0,2,0.3326944441249263,3.0057610448838794,2.6268997429638237,-0.12604505024273882,1,2026-10-11,Vasco x Remo,"Mais de 2,5 gols",0.57839887539768,1.7289106921455317,Alta
30,Moderado,3.0,2,0.3326944441249263,3.0057610448838794,2.6268997429638237,-0.12604505024273882,2,2026-10-11,Sao Paulo x Vitoria,Ambas marcam - NÃO,0.5751989816649993,1.7385288080749914,Média
30,Equilibrado,5.0,2,0.19936279047644948,5.015981154808971,4.383741558134443,-0.12604505024273882,1,2026-10-11,Bahia x Mirassol,Ambas marcam - NÃO,0.4465399485433523,2.2394412935776002,Média
30,Equilibrado,5.0,2,0.19936279047644948,5.015981154808971,4.383741558134443,-0.12604505024273882,2,2026-10-11,Vasco x Remo,Empate ou fora (X2),0.4464612653958201,2.239835966762823,Alta
30,Ousado,10.0,3,0.09975752014746166,10.02430692464888,8.190075871745739,-0.18297834121508483,1,2026-10-11,Flamengo RJ x Fluminense,Multi-gols 2-3,0.4639921060684196,2.155209079898746,Alta
30,Ousado,10.0,3,0.09975752014746166,10.02430692464888,8.190075871745739,-0.18297834121508483,2,2026-10-11,Atletico-MG x Santos,Multi-gols 3-6,0.4638844125398094,2.15570942452002,Alta
30,Ousado,10.0,3,0.09975752014746166,10.02430692464888,8.190075871745739,-0.18297834121508483,3,2026-10-11,Bragantino x Cruzeiro,Ambas marcam - SIM,0.4634738900426857,2.1576188464638224,Média
30,Arriscado,25.0,4,0.03964467157368705,25.224070733977772,19.266075966490394,-0.23620274579478306,1,2026-10-11,Bahia x Mirassol,Ambas marcam - NÃO,0.4465399485433523,2.2394412935776002,Média
30,Arriscado,25.0,4,0.03964467157368705,25.224070733977772,19.266075966490394,-0.23620274579478306,2,2026-10-11,Vasco x Remo,Empate ou fora (X2),0.4464612653958201,2.239835966762823,Alta
30,Arriscado,25.0,4,0.03964467157368705,25.224070733977772,19.266075966490394,-0.23620274579478306,3,2026-10-11,Atletico-MG x Santos,Multi-gols 1-2,0.44595320252844334,2.2423877535361325,Alta
30,Arriscado,25.0,4,0.03964467157368705,25.224070733977772,19.266075966490394,-0.23620274579478306,4,2026-10-11,Coritiba x Botafogo RJ,Ambas marcam - NÃO,0.4459143344519919,2.2425832110307775,Média
30,Agressivo,50.0,4,0.01962021331194884,50.96784546124141,38.929100416052016,-0.23620274579478318,1,2026-10-11,Bahia x Mirassol,Multi-gols 3-4,0.37550902354743265,2.663051850400299,Alta
30,Agressivo,50.0,4,0.01962021331194884,50.96784546124141,38.929100416052016,-0.23620274579478318,2,2026-10-11,Coritiba x Botafogo RJ,Multi-gols 3-4,0.3743335462479427,2.6714143309444203,Alta
30,Agressivo,50.0,4,0.01962021331194884,50.96784546124141,38.929100416052016,-0.23620274579478318,3,2026-10-11,Bragantino x Cruzeiro,Multi-gols 3-5,0.37381532752842206,2.675117702133195,Alta
30,Agressivo,50.0,4,0.01962021331194884,50.96784546124141,38.929100416052016,-0.23620274579478318,4,2026-10-11,Vasco x Remo,Multi-gols 1-2,0.3733941364560703,2.6781352527147937,Alta
30,Muito agressivo,100.0,5,0.01026321993276204,97.43530846570096,69.57271961741954,-0.2859598772460352,1,2026-10-11,Bragantino x Cruzeiro,Vitória do mandante,0.3972471547048565,2.517324512350433,Alta
30,Muito agressivo,100.0,5,0.01026321993276204,97.43530846570096,69.57271961741954,-0.2859598772460352,2,2026-10-11,Palmeiras x Corinthians,Multi-gols 3-5,0.39996143393969746,2.500241061118835,Alta
30,Muito agressivo,100.0,5,0.01026321993276204,97.43530846570096,69.57271961741954,-0.2859598772460352,3,2026-10-11,Sao Paulo x Vitoria,Multi-gols 3-6,0.4027268466701883,2.483072604342532,Alta
30,Muito agressivo,100.0,5,0.01026321993276204,97.43530846570096,69.57271961741954,-0.2859598772460352,4,2026-10-11,Vasco x Remo,Multi-gols 3-4,0.39246999566915725,2.547965477704889,Alta
30,Muito agressivo,100.0,5,0.01026321993276204,97.43530846570096,69.57271961741954,-0.2859598772460352,5,2026-10-11,Chapecoense-SC x Athletico-PR,"Mais de 10,5 escanteios",0.40868404335223585,2.446878013140635,Média
30,Risco máximo,250.0,6,0.004207190118542175,237.6883315999297,158.6627587809027,-0.33247560907634555,1,2026-10-11,Bragantino x Cruzeiro,Vitória do mandante,0.3972471547048565,2.517324512350433,Alta
30,Risco máximo,250.0,6,0.004207190118542175,237.6883315999297,158.6627587809027,-0.33247560907634555,2,2026-10-11,Palmeiras x Corinthians,Multi-gols 3-5,0.39996143393969746,2.500241061118835,Alta
30,Risco máximo,250.0,6,0.004207190118542175,237.6883315999297,158.6627587809027,-0.33247560907634555,3,2026-10-11,Sao Paulo x Vitoria,Multi-gols 3-6,0.4027268466701883,2.483072604342532,Alta
30,Risco máximo,250.0,6,0.004207190118542175,237.6883315999297,158.6627587809027,-0.33247560907634555,4,2026-10-11,Vasco x Remo,Multi-gols 3-4,0.39246999566915725,2.547965477704889,Alta
30,Risco máximo,250.0,6,0.004207190118542175,237.6883315999297,158.6627587809027,-0.33247560907634555,5,2026-10-11,Chapecoense-SC x Athletico-PR,"Mais de 10,5 escanteios",0.40868404335223585,2.446878013140635,Média
30,Risco máximo,250.0,6,0.004207190118542175,237.6883315999297,158.6627587809027,-0.33247560907634555,6,2026-10-11,Gremio x Internacional,Multi-gols 3-5,0.40992886697400577,2.439447622661352,Alta
31,Muito seguro,1.5,2,0.667185679665432,1.4988331291844599,1.3099126321109231,-0.12604505024273882,1,2026-10-18,Gremio x Cruzeiro,Multi-gols 1-4,0.8164150737979579,1.2248671442921872,Alta
31,Muito seguro,1.5,2,0.667185679665432,1.4988331291844599,1.3099126321109231,-0.12604505024273882,2,2026-10-18,Corinthians x Vitoria,Multi-gols 1-4,0.8172138181644397,1.2236699597739549,Alta
31,Seguro,2.0,2,0.5001654364487704,1.9993384730862451,1.7473317547938485,-0.12604505024273882,1,2026-10-18,Atletico-MG x Coritiba,Multi-gols 2-5,0.7070879411724975,1.414251243405161,Alta
31,Seguro,2.0,2,0.5001654364487704,1.9993384730862451,1.7473317547938485,-0.12604505024273882,2,2026-10-18,Athletico-PR x Palmeiras,"Mais de 8,5 escanteios",0.7073595904059586,1.413708124641518,Média
31,Moderado,3.0,2,0.3327342381798596,3.0054015645346652,2.6265855733332875,-0.12604505024273893,1,2026-10-18,Atletico-MG x Coritiba,"Mais de 9,5 escanteios",0.5803864503579916,1.7229899136742148,Média
31,Moderado,3.0,2,0.3327342381798596,3.0054015645346652,2.6265855733332875,-0.12604505024273893,2,2026-10-18,Corinthians x Vitoria,Ambas marcam - NÃO,0.5732977363179719,1.744294345940629,Média
31,Equilibrado,5.0,2,0.20066229977257127,4.9834971548387035,4.355352005572513,-0.12604505024273893,1,2026-10-18,Mirassol x Internacional,Multi-gols 1-2,0.44634084391753814,2.240440268076275,Alta
31,Equilibrado,5.0,2,0.20066229977257127,4.9834971548387035,4.355352005572513,-0.12604505024273893,2,2026-10-18,Remo x Bragantino,Multi-gols 3-5,0.44957189669526143,2.2243383257513574,Alta
31,Ousado,10.0,3,0.09952200219556678,10.048029359728305,8.20945761500475,-0.18297834121508483,1,2026-10-18,Remo x Bragantino,Multi-gols 2-3,0.4640103808116455,2.155124198408672,Alta
31,Ousado,10.0,3,0.09952200219556678,10.048029359728305,8.20945761500475,-0.18297834121508483,2,2026-10-18,Mirassol x Internacional,Multi-gols 3-6,0.4634424946719732,2.1577650118334635,Alta
31,Ousado,10.0,3,0.09952200219556678,10.048029359728305,8.20945761500475,-0.18297834121508483,3,2026-10-18,Bahia x Flamengo RJ,Multi-gols 2-3,0.46280234909739665,2.160749620113856,Alta
31,Arriscado,25.0,4,0.04086288425192486,24.47208556877369,18.691711762104458,-0.23620274579478318,1,2026-10-18,Mirassol x Internacional,Multi-gols 1-2,0.44634084391753814,2.240440268076275,Alta
31,Arriscado,25.0,4,0.04086288425192486,24.47208556877369,18.691711762104458,-0.23620274579478318,2,2026-10-18,Remo x Bragantino,Multi-gols 3-5,0.44957189669526143,2.2243383257513574,Alta
31,Arriscado,25.0,4,0.04086288425192486,24.47208556877369,18.691711762104458,-0.23620274579478318,3,2026-10-18,Sao Paulo x Vasco,Multi-gols 1-2,0.4508114554992173,2.2182222474640203,Alta
31,Arriscado,25.0,4,0.04086288425192486,24.47208556877369,18.691711762104458,-0.23620274579478318,4,2026-10-18,Bahia x Flamengo RJ,Vitória do visitante,0.4517189279994336,2.2137659903444513,Alta
31,Agressivo,50.0,4,0.019890435570611025,50.275419884597355,38.40022766186982,-0.23620274579478306,1,2026-10-18,Corinthians x Vitoria,Multi-gols 3-5,0.37616415454232977,2.658413854495724,Alta
31,Agressivo,50.0,4,0.019890435570611025,50.275419884597355,38.40022766186982,-0.23620274579478306,2,2026-10-18,Remo x Bragantino,Vitória do mandante,0.3772801492743925,2.650550265958225,Alta
31,Agressivo,50.0,4,0.019890435570611025,50.275419884597355,38.40022766186982,-0.23620274579478306,3,2026-10-18,Atletico-MG x Coritiba,Empate ou fora (X2),0.3744052965133937,2.6709023865644665,Alta
31,Agressivo,50.0,4,0.019890435570611025,50.275419884597355,38.40022766186982,-0.23620274579478306,4,2026-10-18,Athletico-PR x Palmeiras,Multi-gols 3-5,0.37433544044262795,2.6714008131785847,Alta
31,Muito agressivo,100.0,5,0.009867696380601745,101.34077513428912,72.36137951686975,-0.2859598772460351,1,2026-10-18,Gremio x Cruzeiro,Vitória do mandante,0.3980570520409878,2.512202697760597,Alta
31,Muito agressivo,100.0,5,0.009867696380601745,101.34077513428912,72.36137951686975,-0.2859598772460351,2,2026-10-18,Corinthians x Vitoria,Multi-gols 3-6,0.39712205189194105,2.5181175289457487,Alta
31,Muito agressivo,100.0,5,0.009867696380601745,101.34077513428912,72.36137951686975,-0.2859598772460351,3,2026-10-18,Atletico-MG x Coritiba,Multi-gols 1-2,0.3997046291704909,2.5018474318781476,Alta
31,Muito agressivo,100.0,5,0.009867696380601745,101.34077513428912,72.36137951686975,-0.2859598772460351,4,2026-10-18,Botafogo RJ x Chapecoense-SC,Multi-gols 3-4,0.39537173033417833,2.5292653047165876,Alta
31,Muito agressivo,100.0,5,0.009867696380601745,101.34077513428912,72.36137951686975,-0.2859598772460351,5,2026-10-18,Athletico-PR x Palmeiras,Multi-gols 3-6,0.3950041519813017,2.531618958899797,Alta
31,Risco máximo,250.0,6,0.0038908738904793873,257.01167093770596,171.56155910296286,-0.33247560907634555,1,2026-10-18,Gremio x Cruzeiro,Vitória do mandante,0.3980570520409878,2.512202697760597,Alta
31,Risco máximo,250.0,6,0.0038908738904793873,257.01167093770596,171.56155910296286,-0.33247560907634555,2,2026-10-18,Atletico-MG x Coritiba,Multi-gols 1-2,0.3997046291704909,2.5018474318781476,Alta
31,Risco máximo,250.0,6,0.0038908738904793873,257.01167093770596,171.56155910296286,-0.33247560907634555,3,2026-10-18,Corinthians x Vitoria,Multi-gols 3-6,0.39712205189194105,2.5181175289457487,Alta
31,Risco máximo,250.0,6,0.0038908738904793873,257.01167093770596,171.56155910296286,-0.33247560907634555,4,2026-10-18,Botafogo RJ x Chapecoense-SC,Multi-gols 3-4,0.39537173033417833,2.5292653047165876,Alta
31,Risco máximo,250.0,6,0.0038908738904793873,257.01167093770596,171.56155910296286,-0.33247560907634555,5,2026-10-18,Athletico-PR x Palmeiras,Multi-gols 3-6,0.3950041519813017,2.531618958899797,Alta
31,Risco máximo,250.0,6,0.0038908738904793873,257.01167093770596,171.56155910296286,-0.33247560907634555,6,2026-10-18,Fluminense x Santos,"Mais de 10,5 escanteios",0.39430417601094825,2.5361131350844075,Média
32,Muito seguro,1.5,2,0.6644823541891236,1.5049308588793346,1.3152417731600408,-0.12604505024273882,1,2026-10-25,Vitoria x Athletico-PR,Multi-gols 1-4,0.8173926331183078,1.2234022665277213,Alta
32,Muito seguro,1.5,2,0.6644823541891236,1.5049308588793346,1.3152417731600408,-0.12604505024273882,2,2026-10-25,Internacional x Botafogo RJ,Multi-gols 1-4,0.81292921818265,1.230119397400376,Alta
32,Seguro,2.0,2,0.49959011358643707,2.001640890811952,1.7493439641616388,-0.1260450502427387,1,2026-10-25,Palmeiras x Bragantino,"Mais de 9,5 escanteios",0.7072689918765254,1.4138892153985163,Média
32,Seguro,2.0,2,0.49959011358643707,2.001640890811952,1.7493439641616388,-0.1260450502427387,2,2026-10-25,Cruzeiro x Remo,Multi-gols 0-3,0.7063650737195831,1.4156985349433993,Alta
32,Moderado,3.0,2,0.3292207028289392,3.0374760499785247,2.6546172286478655,-0.12604505024273882,1,2026-10-25,Internacional x Botafogo RJ,Empate ou fora (X2),0.575311103818196,1.738189986884053,Alta
32,Moderado,3.0,2,0.3292207028289392,3.0374760499785247,2.6546172286478655,-0.12604505024273882,2,2026-10-25,Chapecoense-SC x Fluminense,"Mais de 8,5 escanteios",0.5722481291321926,1.7474936991344785,Média
32,Equilibrado,5.0,2,0.20026408952639807,4.993406468253429,4.3640122990800085,-0.12604505024273893,1,2026-10-25,Vasco x Corinthians,"Mais de 5,5 cartões",0.4464551996162891,2.2398663983742626,Média
32,Equilibrado,5.0,2,0.20026408952639807,4.993406468253429,4.3640122990800085,-0.12604505024273893,2,2026-10-25,Mirassol x Sao Paulo,"Mais de 2,5 gols",0.44856480493119416,2.229332281549354,Alta
32,Ousado,10.0,3,0.09997994353574939,10.002006048767514,8.171855573140789,-0.18297834121508494,1,2026-10-25,Santos x Bahia,Multi-gols 2-3,0.46377160005251256,2.1562338010494186,Alta
32,Ousado,10.0,3,0.09997994353574939,10.002006048767514,8.171855573140789,-0.18297834121508494,2,2026-10-25,Cruzeiro x Remo,Multi-gols 2-3,0.4627974721772039,2.160772389908609,Alta
32,Ousado,10.0,3,0.09997994353574939,10.002006048767514,8.171855573140789,-0.18297834121508494,3,2026-10-25,Palmeiras x Bragantino,Multi-gols 2-3,0.46581960066594774,2.146753804628174,Alta
32,Arriscado,25.0,4,0.040122350376157696,24.9237642018659,19.036702661843453,-0.23620274579478306,1,2026-10-25,Vasco x Corinthians,"Mais de 5,5 cartões",0.4464551996162891,2.2398663983742626,Média
32,Arriscado,25.0,4,0.040122350376157696,24.9237642018659,19.036702661843453,-0.23620274579478306,2,2026-10-25,Mirassol x Sao Paulo,"Mais de 2,5 gols",0.44856480493119416,2.229332281549354,Alta
32,Arriscado,25.0,4,0.040122350376157696,24.9237642018659,19.036702661843453,-0.23620274579478306,3,2026-10-25,Internacional x Botafogo RJ,"Mais de 9,5 escanteios",0.44455189813107254,2.249456147199169,Média
32,Arriscado,25.0,4,0.040122350376157696,24.9237642018659,19.036702661843453,-0.23620274579478306,4,2026-10-25,Santos x Bahia,Multi-gols 3-5,0.45067224936415745,2.218907424211,Alta
32,Agressivo,50.0,4,0.01967350238192024,50.82979027257446,38.82365424201942,-0.23620274579478306,1,2026-10-25,Vitoria x Athletico-PR,Multi-gols 3-5,0.37582929443219515,2.6607824744231428,Alta
32,Agressivo,50.0,4,0.01967350238192024,50.82979027257446,38.82365424201942,-0.23620274579478306,2,2026-10-25,Coritiba x Gremio,Multi-gols 3-4,0.3751940698168266,2.6652873284703293,Alta
32,Agressivo,50.0,4,0.01967350238192024,50.82979027257446,38.82365424201942,-0.23620274579478306,3,2026-10-25,Flamengo RJ x Atletico-MG,Multi-gols 3-4,0.37448062431043594,2.670365127278315,Alta
32,Agressivo,50.0,4,0.01967350238192024,50.82979027257446,38.82365424201942,-0.23620274579478306,4,2026-10-25,Cruzeiro x Remo,Multi-gols 3-4,0.3725681591481538,2.6840726332771356,Alta
32,Muito agressivo,100.0,5,0.010344522671285918,96.66951601119078,69.02591307919703,-0.2859598772460352,1,2026-10-25,Vitoria x Athletico-PR,Multi-gols 3-6,0.3967339986024389,2.5205805489891597,Alta
32,Muito agressivo,100.0,5,0.010344522671285918,96.66951601119078,69.02591307919703,-0.2859598772460352,2,2026-10-25,Internacional x Botafogo RJ,Multi-gols 3-5,0.40471536404390646,2.4708723434861066,Alta
32,Muito agressivo,100.0,5,0.010344522671285918,96.66951601119078,69.02591307919703,-0.2859598772460352,3,2026-10-25,Mirassol x Sao Paulo,Multi-gols 3-5,0.4084940359088024,2.448016157139815,Alta
32,Muito agressivo,100.0,5,0.010344522671285918,96.66951601119078,69.02591307919703,-0.2859598772460352,4,2026-10-25,Vasco x Corinthians,Multi-gols 3-5,0.40875812006098367,2.446434580555384,Alta
32,Muito agressivo,100.0,5,0.010344522671285918,96.66951601119078,69.02591307919703,-0.2859598772460352,5,2026-10-25,Coritiba x Gremio,Vitória do mandante,0.38584176131359044,2.5917360438007546,Alta
32,Risco máximo,250.0,6,0.004260381997559715,234.7207364440056,156.68181663193647,-0.33247560907634555,1,2026-10-25,Vitoria x Athletico-PR,Multi-gols 3-6,0.3967339986024389,2.5205805489891597,Alta
32,Risco máximo,250.0,6,0.004260381997559715,234.7207364440056,156.68181663193647,-0.33247560907634555,2,2026-10-25,Internacional x Botafogo RJ,Multi-gols 3-5,0.40471536404390646,2.4708723434861066,Alta
32,Risco máximo,250.0,6,0.004260381997559715,234.7207364440056,156.68181663193647,-0.33247560907634555,3,2026-10-25,Mirassol x Sao Paulo,Multi-gols 3-5,0.4084940359088024,2.448016157139815,Alta
32,Risco máximo,250.0,6,0.004260381997559715,234.7207364440056,156.68181663193647,-0.33247560907634555,4,2026-10-25,Vasco x Corinthians,Multi-gols 3-5,0.40875812006098367,2.446434580555384,Alta
32,Risco máximo,250.0,6,0.004260381997559715,234.7207364440056,156.68181663193647,-0.33247560907634555,5,2026-10-25,Coritiba x Gremio,Vitória do mandante,0.38584176131359044,2.5917360438007546,Alta
32,Risco máximo,250.0,6,0.004260381997559715,234.7207364440056,156.68181663193647,-0.33247560907634555,6,2026-10-25,Flamengo RJ x Atletico-MG,"Mais de 10,5 escanteios",0.41184906572688784,2.4280739795659425,Média
33,Muito seguro,1.5,2,0.6672979842584453,1.4985808792922994,1.3096921770690937,-0.12604505024273893,1,2026-10-28,Fluminense x Internacional,Multi-gols 1-4,0.8158328560215491,1.225741268715937,Alta
33,Muito seguro,1.5,2,0.6672979842584453,1.4985808792922994,1.3096921770690937,-0.12604505024273893,2,2026-10-28,Atletico-MG x Cruzeiro,Multi-gols 1-4,0.8179346778365342,1.222591518732321,Alta
33,Seguro,2.0,2,0.49961540089508594,2.0015395806623455,1.7492554236549296,-0.12604505024273893,1,2026-10-28,Santos x Palmeiras,"Mais de 1,5 gols",0.7069678336840011,1.4144915119956898,Alta
33,Seguro,2.0,2,0.49961540089508594,2.0015395806623455,1.7492554236549296,-0.12604505024273893,2,2026-10-28,Vasco x Flamengo RJ,Multi-gols 2-5,0.7067017438284228,1.4150241013736424,Alta
33,Moderado,3.0,2,0.33514140217979826,2.983815170241232,2.6077200371931295,-0.12604505024273893,1,2026-10-28,Fluminense x Internacional,"Menos de 2,5 gols",0.5774321241340032,1.7318052775462358,Alta
33,Moderado,3.0,2,0.33514140217979826,2.983815170241232,2.6077200371931295,-0.12604505024273893,2,2026-10-28,Atletico-MG x Cruzeiro,Multi-gols 2-4,0.5803996490192201,1.7229507317756574,Alta
33,Equilibrado,5.0,2,0.19946446613225358,5.013424292510109,4.3815069756725045,-0.12604505024273893,1,2026-10-28,Vasco x Flamengo RJ,Ambas marcam - NÃO,0.44663846869257484,2.238947314429176,Média
33,Equilibrado,5.0,2,0.19946446613225358,5.013424292510109,4.3815069756725045,-0.12604505024273893,2,2026-10-28,Remo x Botafogo RJ,Ambas marcam - NÃO,0.44659043077085847,2.2391881489128704,Média
33,Ousado,10.0,3,0.0993677335310965,10.06362895141466,8.222202819280703,-0.18297834121508472,1,2026-10-28,Atletico-MG x Cruzeiro,Multi-gols 2-3,0.46606643522355196,2.145616857219815,Alta
33,Ousado,10.0,3,0.0993677335310965,10.06362895141466,8.222202819280703,-0.18297834121508472,2,2026-10-28,Coritiba x Vitoria,Vitória do mandante,0.46179293947687433,2.1654726924426657,Alta
33,Ousado,10.0,3,0.0993677335310965,10.06362895141466,8.222202819280703,-0.18297834121508472,3,2026-10-28,Remo x Botafogo RJ,Multi-gols 2-3,0.4616897875692276,2.1659565078641814,Alta
33,Arriscado,25.0,4,0.039990280308383225,25.00607628375059,19.099572403974896,-0.23620274579478306,1,2026-10-28,Vasco x Flamengo RJ,Ambas marcam - NÃO,0.44663846869257484,2.238947314429176,Média
33,Arriscado,25.0,4,0.039990280308383225,25.00607628375059,19.099572403974896,-0.23620274579478306,2,2026-10-28,Remo x Botafogo RJ,Ambas marcam - NÃO,0.44659043077085847,2.2391881489128704,Média
33,Arriscado,25.0,4,0.039990280308383225,25.00607628375059,19.099572403974896,-0.23620274579478306,3,2026-10-28,Coritiba x Vitoria,"Mais de 5,5 cartões",0.44605399432324067,2.24188105638918,Média
33,Arriscado,25.0,4,0.039990280308383225,25.00607628375059,19.099572403974896,-0.23620274579478306,4,2026-10-28,Gremio x Athletico-PR,"Mais de 2,5 gols",0.4494707934776387,2.22483866473907,Alta
33,Agressivo,50.0,4,0.020223847392225904,49.44657564931994,37.76715871080111,-0.23620274579478306,1,2026-10-28,Remo x Botafogo RJ,Multi-gols 3-4,0.37433958700310305,2.6713712220655697,Alta
33,Agressivo,50.0,4,0.020223847392225904,49.44657564931994,37.76715871080111,-0.23620274579478306,2,2026-10-28,Vasco x Flamengo RJ,Multi-gols 3-4,0.3824648638809269,2.614619261630608,Alta
33,Agressivo,50.0,4,0.020223847392225904,49.44657564931994,37.76715871080111,-0.23620274579478306,3,2026-10-28,Bragantino x Chapecoense-SC,Multi-gols 3-4,0.3841782771488387,2.6029582084168155,Alta
33,Agressivo,50.0,4,0.020223847392225904,49.44657564931994,37.76715871080111,-0.23620274579478306,4,2026-10-28,Atletico-MG x Cruzeiro,Multi-gols 3-5,0.3676831047368765,2.7197333440589437,Alta
33,Muito agressivo,100.0,5,0.010089374027914133,99.1141766806656,70.77149888372061,-0.2859598772460352,1,2026-10-28,Bahia x Sao Paulo,Multi-gols 3-5,0.39965679855983766,2.5021468510069083,Alta
33,Muito agressivo,100.0,5,0.010089374027914133,99.1141766806656,70.77149888372061,-0.2859598772460352,2,2026-10-28,Bragantino x Chapecoense-SC,Multi-gols 1-2,0.3961661376879713,2.5241935260696633,Alta
33,Muito agressivo,100.0,5,0.010089374027914133,99.1141766806656,70.77149888372061,-0.2859598772460352,3,2026-10-28,Atletico-MG x Cruzeiro,"Mais de 2,5 gols",0.3960938932174814,2.52465391949614,Alta
33,Muito agressivo,100.0,5,0.010089374027914133,99.1141766806656,70.77149888372061,-0.2859598772460352,4,2026-10-28,Vasco x Flamengo RJ,Multi-gols 1-2,0.4004408510137739,2.497247714533508,Alta
33,Muito agressivo,100.0,5,0.010089374027914133,99.1141766806656,70.77149888372061,-0.2859598772460352,5,2026-10-28,Corinthians x Mirassol,Multi-gols 3-5,0.4017567140269011,2.489068545928622,Alta
33,Risco máximo,250.0,6,0.003921160390066141,255.02654839965174,170.2364413898394,-0.33247560907634566,1,2026-10-28,Bahia x Sao Paulo,Multi-gols 3-5,0.39965679855983766,2.5021468510069083,Alta
33,Risco máximo,250.0,6,0.003921160390066141,255.02654839965174,170.2364413898394,-0.33247560907634566,2,2026-10-28,Vasco x Flamengo RJ,Multi-gols 1-2,0.4004408510137739,2.497247714533508,Alta
33,Risco máximo,250.0,6,0.003921160390066141,255.02654839965174,170.2364413898394,-0.33247560907634566,3,2026-10-28,Bragantino x Chapecoense-SC,Multi-gols 1-2,0.3961661376879713,2.5241935260696633,Alta
33,Risco máximo,250.0,6,0.003921160390066141,255.02654839965174,170.2364413898394,-0.33247560907634566,4,2026-10-28,Atletico-MG x Cruzeiro,"Mais de 2,5 gols",0.3960938932174814,2.52465391949614,Alta
33,Risco máximo,250.0,6,0.003921160390066141,255.02654839965174,170.2364413898394,-0.33247560907634566,5,2026-10-28,Corinthians x Mirassol,Multi-gols 3-5,0.4017567140269011,2.489068545928622,Alta
33,Risco máximo,250.0,6,0.003921160390066141,255.02654839965174,170.2364413898394,-0.33247560907634566,6,2026-10-28,Fluminense x Internacional,Multi-gols 3-5,0.3886425836942431,2.573058233852033,Alta
34,Muito seguro,1.5,2,0.6686454654123415,1.4955608790127937,1.3070528328765514,-0.12604505024273893,1,2026-11-04,Vitoria x Fluminense,Multi-gols 1-4,0.8175430064619935,1.2231772421705482,Alta
34,Muito seguro,1.5,2,0.6686454654123415,1.4955608790127937,1.3070528328765514,-0.12604505024273893,2,2026-11-04,Sao Paulo x Corinthians,Multi-gols 1-4,0.8178719163729107,1.222685337375061,Alta
34,Seguro,2.0,2,0.49758644517083533,2.00970104733595,1.7563881778516053,-0.12604505024273882,1,2026-11-04,Cruzeiro x Bahia,"Mais de 1,5 gols",0.7064631835023976,1.4155019303940928,Alta
34,Seguro,2.0,2,0.49758644517083533,2.00970104733595,1.7563881778516053,-0.12604505024273882,2,2026-11-04,Internacional x Coritiba,"Mais de 3,5 cartões",0.7043345736772518,1.4197797997890578,Média
34,Moderado,3.0,2,0.3331716104487892,3.0014562124695408,2.623137513367437,-0.12604505024273882,1,2026-11-04,Internacional x Coritiba,"Mais de 9,5 escanteios",0.5814219536441401,1.7199212959406949,Média
34,Moderado,3.0,2,0.3331716104487892,3.0014562124695408,2.623137513367437,-0.12604505024273882,2,2026-11-04,Palmeiras x Remo,Multi-gols 1-3,0.5730289480137298,1.7451125348313814,Alta
34,Equilibrado,5.0,2,0.19947144110757495,5.013248986659198,4.38135376625638,-0.12604505024273882,1,2026-11-04,Botafogo RJ x Atletico-MG,"Mais de 5,5 cartões",0.44664773823333126,2.238900848251009,Média
34,Equilibrado,5.0,2,0.19947144110757495,5.013248986659198,4.38135376625638,-0.12604505024273882,2,2026-11-04,Chapecoense-SC x Mirassol,Ambas marcam - NÃO,0.4465967786976007,2.239156321091871,Média
34,Ousado,10.0,3,0.10015669982874109,9.984354533545032,8.15743390289365,-0.18297834121508472,1,2026-11-04,Athletico-PR x Vasco,Multi-gols 2-3,0.46379887323570484,2.1561070060896745,Alta
34,Ousado,10.0,3,0.10015669982874109,9.984354533545032,8.15743390289365,-0.18297834121508472,2,2026-11-04,Flamengo RJ x Gremio,"Mais de 5,5 cartões",0.46469863618914076,2.1519322892804484,Média
34,Ousado,10.0,3,0.10015669982874109,9.984354533545032,8.15743390289365,-0.18297834121508472,3,2026-11-04,Vitoria x Fluminense,Ambas marcam - SIM,0.46470668383815567,2.151895022771551,Média
34,Arriscado,25.0,4,0.039945730986374925,25.033964213624973,19.120873128238415,-0.23620274579478306,1,2026-11-04,Botafogo RJ x Atletico-MG,"Mais de 5,5 cartões",0.44664773823333126,2.238900848251009,Média
34,Arriscado,25.0,4,0.039945730986374925,25.033964213624973,19.120873128238415,-0.23620274579478306,2,2026-11-04,Chapecoense-SC x Mirassol,Ambas marcam - NÃO,0.4465967786976007,2.239156321091871,Média
34,Arriscado,25.0,4,0.039945730986374925,25.033964213624973,19.120873128238415,-0.23620274579478306,3,2026-11-04,Palmeiras x Remo,Ambas marcam - SIM,0.44579254449265193,2.2431958819277273,Média
34,Arriscado,25.0,4,0.039945730986374925,25.033964213624973,19.120873128238415,-0.23620274579478306,4,2026-11-04,Flamengo RJ x Gremio,Multi-gols 2-3,0.44921768625968106,2.2260922278601605,Alta
34,Agressivo,50.0,4,0.020286596591024594,49.293630674473526,37.65033975896893,-0.23620274579478306,1,2026-11-04,Internacional x Coritiba,Multi-gols 3-4,0.37668111645519564,2.654765413808433,Alta
34,Agressivo,50.0,4,0.020286596591024594,49.293630674473526,37.65033975896893,-0.23620274579478306,2,2026-11-04,Vitoria x Fluminense,Multi-gols 3-5,0.3740111943563384,2.6737167632668557,Alta
34,Agressivo,50.0,4,0.020286596591024594,49.293630674473526,37.65033975896893,-0.23620274579478306,3,2026-11-04,Chapecoense-SC x Mirassol,Multi-gols 3-4,0.37926621119805154,2.6366704190208057,Alta
34,Agressivo,50.0,4,0.020286596591024594,49.293630674473526,37.65033975896893,-0.23620274579478306,4,2026-11-04,Flamengo RJ x Gremio,Multi-gols 1-2,0.37967026895695716,2.6338643864509943,Alta
34,Muito agressivo,100.0,5,0.010056154384653024,99.44159186001835,71.00528645857717,-0.2859598772460351,1,2026-11-04,Palmeiras x Remo,Multi-gols 3-4,0.3987684730376654,2.5077208144926386,Alta
34,Muito agressivo,100.0,5,0.010056154384653024,99.44159186001835,71.00528645857717,-0.2859598772460351,2,2026-11-04,Internacional x Coritiba,Empate ou fora (X2),0.40150665489716775,2.490618742685886,Alta
34,Muito agressivo,100.0,5,0.010056154384653024,99.44159186001835,71.00528645857717,-0.2859598772460351,3,2026-11-04,Vitoria x Fluminense,Multi-gols 3-6,0.39462898458653556,2.5340257281094787,Alta
34,Muito agressivo,100.0,5,0.010056154384653024,99.44159186001835,71.00528645857717,-0.2859598772460351,4,2026-11-04,Flamengo RJ x Gremio,Multi-gols 3-4,0.39035161599889445,2.561792904177018,Alta
34,Muito agressivo,100.0,5,0.010056154384653024,99.44159186001835,71.00528645857717,-0.2859598772460351,5,2026-11-04,Chapecoense-SC x Mirassol,Multi-gols 1-2,0.40773069470008894,2.4525992597529642,Alta
34,Risco máximo,250.0,6,0.0041201477240832025,242.70974415668937,162.01467413943007,-0.33247560907634555,1,2026-11-04,Palmeiras x Remo,Multi-gols 3-4,0.3987684730376654,2.5077208144926386,Alta
34,Risco máximo,250.0,6,0.0041201477240832025,242.70974415668937,162.01467413943007,-0.33247560907634555,2,2026-11-04,Internacional x Coritiba,Empate ou fora (X2),0.40150665489716775,2.490618742685886,Alta
34,Risco máximo,250.0,6,0.0041201477240832025,242.70974415668937,162.01467413943007,-0.33247560907634555,3,2026-11-04,Vitoria x Fluminense,Multi-gols 3-6,0.39462898458653556,2.5340257281094787,Alta
34,Risco máximo,250.0,6,0.0041201477240832025,242.70974415668937,162.01467413943007,-0.33247560907634555,4,2026-11-04,Flamengo RJ x Gremio,Multi-gols 3-4,0.39035161599889445,2.561792904177018,Alta
34,Risco máximo,250.0,6,0.0041201477240832025,242.70974415668937,162.01467413943007,-0.33247560907634555,5,2026-11-04,Chapecoense-SC x Mirassol,Multi-gols 1-2,0.40773069470008894,2.4525992597529642,Alta
34,Risco máximo,250.0,6,0.0041201477240832025,242.70974415668937,162.01467413943007,-0.33247560907634555,6,2026-11-04,Cruzeiro x Bahia,Multi-gols 3-5,0.4097140483812653,2.4407266578993054,Alta
35,Muito seguro,1.5,2,0.6667182840906953,1.499883869787449,1.3108309320618163,-0.12604505024273893,1,2026-11-18,Vitoria x Bragantino,"Mais de 3,5 cartões",0.8161687080773568,1.2252368782377034,Média
35,Muito seguro,1.5,2,0.6667182840906953,1.499883869787449,1.3108309320618163,-0.12604505024273893,2,2026-11-18,Corinthians x Botafogo RJ,Multi-gols 1-4,0.8168878290632817,1.224158280270489,Alta
35,Seguro,2.0,2,0.4991898131711706,2.0032460070596496,1.7507467634512501,-0.12604505024273882,1,2026-11-18,Sao Paulo x Fluminense,Multi-gols 1-3,0.7073072360745898,1.413812766217118,Alta
35,Seguro,2.0,2,0.4991898131711706,2.0032460070596496,1.7507467634512501,-0.12604505024273882,2,2026-11-18,Flamengo RJ x Athletico-PR,Multi-gols 0-3,0.7057609306269391,1.416910396430819,Alta
35,Moderado,3.0,2,0.3325434821687656,3.0071255448407817,2.628092254455102,-0.12604505024273882,1,2026-11-18,Coritiba x Santos,"Mais de 4,5 cartões",0.5777931338242481,1.7307232320004997,Média
35,Moderado,3.0,2,0.3325434821687656,3.0071255448407817,2.628092254455102,-0.12604505024273882,2,2026-11-18,Sao Paulo x Fluminense,Multi-gols 2-4,0.5755407302398265,1.7374964923565048,Alta
35,Equilibrado,5.0,2,0.19991633837438366,5.002092415914993,4.371603426032165,-0.12604505024273893,1,2026-11-18,Gremio x Bahia,Multi-gols 3-5,0.4471484280756454,2.2363938621088635,Alta
35,Equilibrado,5.0,2,0.19991633837438366,5.002092415914993,4.371603426032165,-0.12604505024273893,2,2026-11-18,Vasco x Internacional,Multi-gols 1-2,0.44709167207575023,2.2366777608654966,Alta
35,Ousado,10.0,3,0.10013375238928965,9.986642626876733,8.159303324702972,-0.18297834121508483,1,2026-11-18,Gremio x Bahia,"Mais de 9,5 escanteios",0.4641272103096675,2.1545817133470715,Média
35,Ousado,10.0,3,0.10013375238928965,9.986642626876733,8.159303324702972,-0.18297834121508483,2,2026-11-18,Coritiba x Santos,Multi-gols 3-5,0.46434957167841084,2.1535499567393988,Alta
35,Ousado,10.0,3,0.10013375238928965,9.986642626876733,8.159303324702972,-0.18297834121508483,3,2026-11-18,Sao Paulo x Fluminense,Multi-gols 2-3,0.4646205465571185,2.152293968508481,Alta
35,Arriscado,25.0,4,0.0398964750141603,25.064871010410666,19.144479654759607,-0.23620274579478318,1,2026-11-18,Gremio x Bahia,Multi-gols 3-5,0.4471484280756454,2.2363938621088635,Alta
35,Arriscado,25.0,4,0.0398964750141603,25.064871010410666,19.144479654759607,-0.23620274579478318,2,2026-11-18,Vasco x Internacional,Multi-gols 1-2,0.44709167207575023,2.2366777608654966,Alta
35,Arriscado,25.0,4,0.0398964750141603,25.064871010410666,19.144479654759607,-0.23620274579478318,3,2026-11-18,Remo x Chapecoense-SC,Multi-gols 2-3,0.44971433163870134,2.2236338262917443,Alta
35,Arriscado,25.0,4,0.0398964750141603,25.064871010410666,19.144479654759607,-0.23620274579478318,4,2026-11-18,Mirassol x Atletico-MG,Multi-gols 1-2,0.44376138595112335,2.253463306314222,Alta
35,Agressivo,50.0,4,0.02000638361167071,49.98404606301014,38.17767713699423,-0.23620274579478318,1,2026-11-18,Flamengo RJ x Athletico-PR,"Mais de 5,5 cartões",0.3746488215203325,2.669166276680065,Média
35,Agressivo,50.0,4,0.02000638361167071,49.98404606301014,38.17767713699423,-0.23620274579478318,2,2026-11-18,Coritiba x Santos,Multi-gols 3-4,0.3776269704778003,2.6481159402749475,Alta
35,Agressivo,50.0,4,0.02000638361167071,49.98404606301014,38.17767713699423,-0.23620274579478318,3,2026-11-18,Sao Paulo x Fluminense,Multi-gols 3-6,0.37766685151673046,2.6478363033026224,Alta
35,Agressivo,50.0,4,0.02000638361167071,49.98404606301014,38.17767713699423,-0.23620274579478318,4,2026-11-18,Cruzeiro x Palmeiras,"Mais de 2,5 gols",0.3744314751501123,2.67071564856852,Alta
35,Muito agressivo,100.0,5,0.009542981168754143,104.78905724703972,74.82359129994849,-0.2859598772460352,1,2026-11-18,Coritiba x Santos,Vitória do mandante,0.3960127323138115,2.525171335167002,Alta
35,Muito agressivo,100.0,5,0.009542981168754143,104.78905724703972,74.82359129994849,-0.2859598772460352,2,2026-11-18,Corinthians x Botafogo RJ,Multi-gols 3-6,0.4025390420072397,2.484231082315774,Alta
35,Muito agressivo,100.0,5,0.009542981168754143,104.78905724703972,74.82359129994849,-0.2859598772460352,3,2026-11-18,Sao Paulo x Fluminense,"Mais de 10,5 escanteios",0.39260127843056436,2.547113458207601,Média
35,Muito agressivo,100.0,5,0.009542981168754143,104.78905724703972,74.82359129994849,-0.2859598772460352,4,2026-11-18,Vitoria x Bragantino,Multi-gols 3-5,0.3912087897469913,2.55617978483238,Alta
35,Muito agressivo,100.0,5,0.009542981168754143,104.78905724703972,74.82359129994849,-0.2859598772460352,5,2026-11-18,Remo x Chapecoense-SC,Multi-gols 3-4,0.38976837223532523,2.565626334083986,Alta
35,Risco máximo,250.0,6,0.003905581445783999,256.0438218692075,170.9154962430074,-0.33247560907634555,1,2026-11-18,Coritiba x Santos,Vitória do mandante,0.3960127323138115,2.525171335167002,Alta
35,Risco máximo,250.0,6,0.003905581445783999,256.0438218692075,170.9154962430074,-0.33247560907634555,2,2026-11-18,Corinthians x Botafogo RJ,Multi-gols 3-6,0.4025390420072397,2.484231082315774,Alta
35,Risco máximo,250.0,6,0.003905581445783999,256.0438218692075,170.9154962430074,-0.33247560907634555,3,2026-11-18,Sao Paulo x Fluminense,"Mais de 10,5 escanteios",0.39260127843056436,2.547113458207601,Média
35,Risco máximo,250.0,6,0.003905581445783999,256.0438218692075,170.9154962430074,-0.33247560907634555,4,2026-11-18,Vitoria x Bragantino,Multi-gols 3-5,0.3912087897469913,2.55617978483238,Alta
35,Risco máximo,250.0,6,0.003905581445783999,256.0438218692075,170.9154962430074,-0.33247560907634555,5,2026-11-18,Remo x Chapecoense-SC,Multi-gols 3-4,0.38976837223532523,2.565626334083986,Alta
35,Risco máximo,250.0,6,0.003905581445783999,256.0438218692075,170.9154962430074,-0.33247560907634555,6,2026-11-18,Vasco x Internacional,Vitória do mandante,0.40926219770523564,2.443421370473687,Alta
36,Muito seguro,1.5,2,0.6676339639408047,1.497826734423991,1.3090330884286017,-0.12604505024273882,1,2026-11-22,Bahia x Coritiba,Casa ou empate (1X),0.8166520331733501,1.2245117374093781,Alta
36,Muito seguro,1.5,2,0.6676339639408047,1.497826734423991,1.3090330884286017,-0.12604505024273882,2,2026-11-22,Atletico-MG x Corinthians,Multi-gols 1-4,0.8175256251386648,1.2232032480087518,Alta
36,Seguro,2.0,2,0.49684828376238716,2.012686835561739,1.7589976222504604,-0.12604505024273893,1,2026-11-22,Chapecoense-SC x Cruzeiro,"Mais de 1,5 gols",0.7055588341573156,1.4173162486078859,Alta
36,Seguro,2.0,2,0.49684828376238716,2.012686835561739,1.7589976222504604,-0.12604505024273893,2,2026-11-22,Athletico-PR x Remo,Multi-gols 2-5,0.7041911456693729,1.4200689772227175,Alta
36,Moderado,3.0,2,0.33363599138466293,2.9972785485456157,2.6194864233027,-0.12604505024273882,1,2026-11-22,Bahia x Coritiba,"Mais de 2,5 gols",0.5771607047070413,1.7326196878001008,Alta
36,Moderado,3.0,2,0.33363599138466293,2.9972785485456157,2.6194864233027,-0.12604505024273882,2,2026-11-22,Botafogo RJ x Sao Paulo,"Mais de 8,5 escanteios",0.5780642872317718,1.729911399281885,Média
36,Equilibrado,5.0,2,0.20015513251039585,4.996124693170489,4.366387905200827,-0.12604505024273882,1,2026-11-22,Bahia x Coritiba,Multi-gols 2-3,0.4468008854099457,2.2381334340519197,Alta
36,Equilibrado,5.0,2,0.20015513251039585,4.996124693170489,4.366387905200827,-0.12604505024273882,2,2026-11-22,Internacional x Vitoria,Ambas marcam - SIM,0.44797389406860927,2.232272936527068,Média
36,Ousado,10.0,3,0.10036168360977411,9.963961982624722,8.140772747113882,-0.18297834121508494,1,2026-11-22,Botafogo RJ x Sao Paulo,"Mais de 5,5 cartões",0.4636515752500958,2.156791982127086,Média
36,Ousado,10.0,3,0.10036168360977411,9.963961982624722,8.140772747113882,-0.18297834121508494,2,2026-11-22,Athletico-PR x Remo,"Menos de 2,5 gols",0.46485553550472336,2.1512059631907707,Alta
36,Ousado,10.0,3,0.10036168360977411,9.963961982624722,8.140772747113882,-0.18297834121508494,3,2026-11-22,Santos x Gremio,Multi-gols 2-3,0.4656484821403978,2.14754270303514,Alta
36,Arriscado,25.0,4,0.04000774840949486,24.995158181975434,19.0912331878179,-0.23620274579478306,1,2026-11-22,Bahia x Coritiba,Multi-gols 2-3,0.4468008854099457,2.2381334340519197,Alta
36,Arriscado,25.0,4,0.04000774840949486,24.995158181975434,19.0912331878179,-0.23620274579478306,2,2026-11-22,Internacional x Vitoria,Ambas marcam - SIM,0.44797389406860927,2.232272936527068,Média
36,Arriscado,25.0,4,0.04000774840949486,24.995158181975434,19.0912331878179,-0.23620274579478306,3,2026-11-22,Chapecoense-SC x Cruzeiro,"Mais de 2,5 gols",0.4491105256602027,2.2266233874834644,Alta
36,Arriscado,25.0,4,0.04000774840949486,24.995158181975434,19.0912331878179,-0.23620274579478306,4,2026-11-22,Atletico-MG x Corinthians,Ambas marcam - SIM,0.4450657206330135,2.2468591797582342,Média
36,Agressivo,50.0,4,0.019723044722349432,50.70211085952853,38.7261330569164,-0.23620274579478306,1,2026-11-22,Palmeiras x Flamengo RJ,"Mais de 5,5 cartões",0.37751259736610976,2.6489182267743114,Média
36,Agressivo,50.0,4,0.019723044722349432,50.70211085952853,38.7261330569164,-0.23620274579478306,2,2026-11-22,Bahia x Coritiba,Multi-gols 1-2,0.3742987356575331,2.671662778243943,Alta
36,Agressivo,50.0,4,0.019723044722349432,50.70211085952853,38.7261330569164,-0.23620274579478306,3,2026-11-22,Bragantino x Vasco,Multi-gols 3-4,0.3738736281467347,2.674700553117185,Alta
36,Agressivo,50.0,4,0.019723044722349432,50.70211085952853,38.7261330569164,-0.23620274579478306,4,2026-11-22,Atletico-MG x Corinthians,Multi-gols 3-5,0.3733355259073059,2.6785556975048936,Alta
36,Muito agressivo,100.0,5,0.010061433598072343,99.3894150622421,70.9680301314881,-0.2859598772460351,1,2026-11-22,Atletico-MG x Corinthians,"Mais de 10,5 escanteios",0.4009355033668116,2.4941667465280837,Média
36,Muito agressivo,100.0,5,0.010061433598072343,99.3894150622421,70.9680301314881,-0.2859598772460351,2,2026-11-22,Internacional x Vitoria,Multi-gols 3-5,0.40146651278283835,2.4908677764138223,Alta
36,Muito agressivo,100.0,5,0.010061433598072343,99.3894150622421,70.9680301314881,-0.2859598772460351,3,2026-11-22,Bahia x Coritiba,Empate ou fora (X2),0.39250037433800467,2.547768270760533,Alta
36,Muito agressivo,100.0,5,0.010061433598072343,99.3894150622421,70.9680301314881,-0.2859598772460351,4,2026-11-22,Botafogo RJ x Sao Paulo,Multi-gols 3-5,0.3918608921681672,2.5519260022785066,Alta
36,Muito agressivo,100.0,5,0.010061433598072343,99.3894150622421,70.9680301314881,-0.2859598772460351,5,2026-11-22,Athletico-PR x Remo,Multi-gols 1-2,0.40640966373724374,2.460571411625021,Alta
36,Risco máximo,250.0,6,0.004114145295031928,243.0638512469549,162.25104925918131,-0.33247560907634555,1,2026-11-22,Atletico-MG x Corinthians,"Mais de 10,5 escanteios",0.4009355033668116,2.4941667465280837,Média
36,Risco máximo,250.0,6,0.004114145295031928,243.0638512469549,162.25104925918131,-0.33247560907634555,2,2026-11-22,Internacional x Vitoria,Multi-gols 3-5,0.40146651278283835,2.4908677764138223,Alta
36,Risco máximo,250.0,6,0.004114145295031928,243.0638512469549,162.25104925918131,-0.33247560907634555,3,2026-11-22,Bahia x Coritiba,Empate ou fora (X2),0.39250037433800467,2.547768270760533,Alta
36,Risco máximo,250.0,6,0.004114145295031928,243.0638512469549,162.25104925918131,-0.33247560907634555,4,2026-11-22,Botafogo RJ x Sao Paulo,Multi-gols 3-5,0.3918608921681672,2.5519260022785066,Alta
36,Risco máximo,250.0,6,0.004114145295031928,243.0638512469549,162.25104925918131,-0.33247560907634555,5,2026-11-22,Athletico-PR x Remo,Multi-gols 1-2,0.40640966373724374,2.460571411625021,Alta
36,Risco máximo,250.0,6,0.004114145295031928,243.0638512469549,162.25104925918131,-0.33247560907634555,6,2026-11-22,Chapecoense-SC x Cruzeiro,Multi-gols 3-5,0.40890249435429876,2.4455707994129705,Alta
37,Muito seguro,1.5,2,0.6671748651630486,1.4988574243659696,1.3099338650050587,-0.12604505024273882,1,2026-11-29,Corinthians x Gremio,Multi-gols 1-4,0.8154205047739927,1.2263611157008696,Alta
37,Muito seguro,1.5,2,0.6671748651630486,1.4988574243659696,1.3099338650050587,-0.12604505024273882,2,2026-11-29,Fluminense x Cruzeiro,Multi-gols 1-4,0.8181973120089335,1.2221990775607454,Alta
37,Seguro,2.0,2,0.5006940615252737,1.9972276023280189,1.7454869488463989,-0.12604505024273882,1,2026-11-29,Fluminense x Cruzeiro,Multi-gols 1-3,0.7067423904517107,1.4149427195966768,Alta
37,Seguro,2.0,2,0.5006940615252737,1.9972276023280189,1.7454869488463989,-0.12604505024273882,2,2026-11-29,Chapecoense-SC x Palmeiras,Multi-gols 0-3,0.7084534171004767,1.4115254099454426,Alta
37,Moderado,3.0,2,0.3321740656821399,3.0104698208345626,2.631015001013221,-0.12604505024273882,1,2026-11-29,Coritiba x Flamengo RJ,Vitória do visitante,0.57636603102723,1.7350085642933313,Alta
37,Moderado,3.0,2,0.3321740656821399,3.0104698208345626,2.631015001013221,-0.12604505024273882,2,2026-11-29,Fluminense x Cruzeiro,Multi-gols 2-4,0.5763248487946483,1.7351325421616732,Alta
37,Equilibrado,5.0,2,0.19994186208088144,5.001453870603021,4.371045366196123,-0.12604505024273893,1,2026-11-29,Atletico-MG x Vasco,"Mais de 9,5 escanteios",0.4472677341539719,2.235797316995261,Média
37,Equilibrado,5.0,2,0.19994186208088144,5.001453870603021,4.371045366196123,-0.12604505024273893,2,2026-11-29,Vitoria x Santos,"Mais de 2,5 gols",0.4470294787954712,2.236988940180226,Alta
37,Ousado,10.0,3,0.09975264101055203,10.024797237139998,8.190476467670555,-0.18297834121508483,1,2026-11-29,Fluminense x Cruzeiro,Multi-gols 2-3,0.4648699272374255,2.151139364816913,Alta
37,Ousado,10.0,3,0.09975264101055203,10.024797237139998,8.190476467670555,-0.18297834121508483,2,2026-11-29,Botafogo RJ x Bahia,Multi-gols 2-3,0.46326404165689844,2.1585962001786827,Alta
37,Ousado,10.0,3,0.09975264101055203,10.024797237139998,8.190476467670555,-0.18297834121508483,3,2026-11-29,Chapecoense-SC x Palmeiras,Multi-gols 2-3,0.46319552895748284,2.1589154848940497,Alta
37,Arriscado,25.0,4,0.039871147229142964,25.080793242615083,19.15664101199816,-0.23620274579478306,1,2026-11-29,Atletico-MG x Vasco,"Mais de 9,5 escanteios",0.4472677341539719,2.235797316995261,Média
37,Arriscado,25.0,4,0.039871147229142964,25.080793242615083,19.15664101199816,-0.23620274579478306,2,2026-11-29,Vitoria x Santos,"Mais de 2,5 gols",0.4470294787954712,2.236988940180226,Alta
37,Arriscado,25.0,4,0.039871147229142964,25.080793242615083,19.15664101199816,-0.23620274579478306,3,2026-11-29,Mirassol x Athletico-PR,Multi-gols 1-2,0.44802702186365345,2.2320082298614716,Alta
37,Arriscado,25.0,4,0.039871147229142964,25.080793242615083,19.15664101199816,-0.23620274579478306,4,2026-11-29,Sao Paulo x Remo,Multi-gols 3-5,0.44509302765953906,2.246721332073799,Alta
37,Agressivo,50.0,4,0.019769914173795776,50.5819090163507,38.63432321914677,-0.23620274579478295,1,2026-11-29,Chapecoense-SC x Palmeiras,"Mais de 4,5 cartões",0.3769292300102427,2.6530179152538156,Média
37,Agressivo,50.0,4,0.019769914173795776,50.5819090163507,38.63432321914677,-0.23620274579478295,2,2026-11-29,Fluminense x Cruzeiro,"Mais de 10,5 escanteios",0.3780337198706182,2.6452666718255964,Média
37,Agressivo,50.0,4,0.019769914173795776,50.5819090163507,38.63432321914677,-0.23620274579478295,3,2026-11-29,Atletico-MG x Vasco,Multi-gols 3-4,0.37376127827398015,2.6755045482987803,Alta
37,Agressivo,50.0,4,0.019769914173795776,50.5819090163507,38.63432321914677,-0.23620274579478295,4,2026-11-29,Botafogo RJ x Bahia,Multi-gols 3-4,0.3712103874611999,2.6938901328684484,Alta
37,Muito agressivo,100.0,5,0.010090222157350524,99.10584567967318,70.76555021474933,-0.2859598772460352,1,2026-11-29,Vitoria x Santos,Vitória do mandante,0.39824234144276954,2.5110338503363474,Alta
37,Muito agressivo,100.0,5,0.010090222157350524,99.10584567967318,70.76555021474933,-0.2859598772460352,2,2026-11-29,Sao Paulo x Remo,Empate ou fora (X2),0.3970775846764096,2.5183995233952325,Alta
37,Muito agressivo,100.0,5,0.010090222157350524,99.10584567967318,70.76555021474933,-0.2859598772460352,3,2026-11-29,Coritiba x Flamengo RJ,"Mais de 10,5 escanteios",0.40288089334201194,2.4821231697157806,Média
37,Muito agressivo,100.0,5,0.010090222157350524,99.10584567967318,70.76555021474933,-0.2859598772460352,4,2026-11-29,Internacional x Bragantino,Multi-gols 3-5,0.40460958662992524,2.471518305656575,Alta
37,Muito agressivo,100.0,5,0.010090222157350524,99.10584567967318,70.76555021474933,-0.2859598772460352,5,2026-11-29,Corinthians x Gremio,Multi-gols 3-5,0.3914398930546046,2.554670634606226,Alta
37,Risco máximo,250.0,6,0.003908118194407952,255.8776245382957,170.80455547091736,-0.33247560907634555,1,2026-11-29,Vitoria x Santos,Vitória do mandante,0.39824234144276954,2.5110338503363474,Alta
37,Risco máximo,250.0,6,0.003908118194407952,255.8776245382957,170.80455547091736,-0.33247560907634555,2,2026-11-29,Sao Paulo x Remo,Empate ou fora (X2),0.3970775846764096,2.5183995233952325,Alta
37,Risco máximo,250.0,6,0.003908118194407952,255.8776245382957,170.80455547091736,-0.33247560907634555,3,2026-11-29,Coritiba x Flamengo RJ,"Mais de 10,5 escanteios",0.40288089334201194,2.4821231697157806,Média
37,Risco máximo,250.0,6,0.003908118194407952,255.8776245382957,170.80455547091736,-0.33247560907634555,4,2026-11-29,Internacional x Bragantino,Multi-gols 3-5,0.40460958662992524,2.471518305656575,Alta
37,Risco máximo,250.0,6,0.003908118194407952,255.8776245382957,170.80455547091736,-0.33247560907634555,5,2026-11-29,Corinthians x Gremio,Multi-gols 3-5,0.3914398930546046,2.554670634606226,Alta
37,Risco máximo,250.0,6,0.003908118194407952,255.8776245382957,170.80455547091736,-0.33247560907634555,6,2026-11-29,Fluminense x Cruzeiro,"Mais de 2,5 gols",0.38731735867291744,2.5818620766865292,Alta
38,Muito seguro,1.5,2,0.6689226379844062,1.4949411833529722,1.3065112467873072,-0.12604505024273893,1,2026-12-02,Cruzeiro x Internacional,Multi-gols 1-4,0.8177134719778189,1.2229222512150635,Alta
38,Muito seguro,1.5,2,0.6689226379844062,1.4949411833529722,1.3065112467873072,-0.12604505024273893,2,2026-12-02,Athletico-PR x Sao Paulo,Multi-gols 1-4,0.818040378332609,1.222433545442188,Alta
38,Seguro,2.0,2,0.4971852522693875,2.011322732191933,1.757805457358438,-0.12604505024273893,1,2026-12-02,Remo x Corinthians,"Mais de 8,5 escanteios",0.7054120939484488,1.4176110795076324,Média
38,Seguro,2.0,2,0.4971852522693875,2.011322732191933,1.757805457358438,-0.12604505024273893,2,2026-12-02,Athletico-PR x Sao Paulo,Multi-gols 1-3,0.704815322184881,1.4188113801216269,Alta
38,Moderado,3.0,2,0.33287869706159456,3.004097314809436,2.6254457178302038,-0.12604505024273893,1,2026-12-02,Santos x Botafogo RJ,"Mais de 8,5 escanteios",0.5770848247338286,1.732847507229521,Média
38,Moderado,3.0,2,0.33287869706159456,3.004097314809436,2.6254457178302038,-0.12604505024273893,2,2026-12-02,Flamengo RJ x Chapecoense-SC,"Mais de 3,5 cartões",0.5768280204129951,1.7336189724001685,Média
38,Equilibrado,5.0,2,0.19975603709552986,5.006106521435282,4.375111573420469,-0.12604505024273882,1,2026-12-02,Palmeiras x Coritiba,Ambas marcam - SIM,0.44776068684976394,2.233335863037765,Média
38,Equilibrado,5.0,2,0.19975603709552986,5.006106521435282,4.375111573420469,-0.12604505024273882,2,2026-12-02,Athletico-PR x Sao Paulo,"Mais de 10,5 escanteios",0.446122321503749,2.241537694480944,Média
38,Ousado,10.0,3,0.09991243778875959,10.00876389498428,8.177376879866625,-0.18297834121508483,1,2026-12-02,Gremio x Mirassol,Multi-gols 2-3,0.4641467217043898,2.1544911409217913,Alta
38,Ousado,10.0,3,0.09991243778875959,10.00876389498428,8.177376879866625,-0.18297834121508483,2,2026-12-02,Remo x Corinthians,Multi-gols 1-2,0.465119027597924,2.1499872950036742,Alta
38,Ousado,10.0,3,0.09991243778875959,10.00876389498428,8.177376879866625,-0.18297834121508483,3,2026-12-02,Athletico-PR x Sao Paulo,Vitória do mandante,0.4628072585967518,2.1607266986953397,Alta
38,Arriscado,25.0,4,0.039977075111190606,25.014336271941875,19.105881360275166,-0.23620274579478318,1,2026-12-02,Palmeiras x Coritiba,Ambas marcam - SIM,0.44776068684976394,2.233335863037765,Média
38,Arriscado,25.0,4,0.039977075111190606,25.014336271941875,19.105881360275166,-0.23620274579478318,2,2026-12-02,Athletico-PR x Sao Paulo,"Mais de 10,5 escanteios",0.446122321503749,2.241537694480944,Média
38,Arriscado,25.0,4,0.039977075111190606,25.014336271941875,19.105881360275166,-0.23620274579478318,3,2026-12-02,Flamengo RJ x Chapecoense-SC,Ambas marcam - SIM,0.445685813158527,2.243733074905635,Média
38,Arriscado,25.0,4,0.039977075111190606,25.014336271941875,19.105881360275166,-0.23620274579478318,4,2026-12-02,Gremio x Mirassol,Multi-gols 3-5,0.44903717038633856,2.226987131465373,Alta
38,Agressivo,50.0,4,0.019562083834486616,51.11929835598948,39.04477972120202,-0.23620274579478318,1,2026-12-02,Remo x Corinthians,Vitória do visitante,0.3741652902109537,2.672615622459801,Alta
38,Agressivo,50.0,4,0.019562083834486616,51.11929835598948,39.04477972120202,-0.23620274579478318,2,2026-12-02,Cruzeiro x Internacional,Multi-gols 3-5,0.37050424906476787,2.69902437697871,Alta
38,Agressivo,50.0,4,0.019562083834486616,51.11929835598948,39.04477972120202,-0.23620274579478318,3,2026-12-02,Palmeiras x Coritiba,"Mais de 3,5 gols",0.3819326108498502,2.618262938519098,Alta
38,Agressivo,50.0,4,0.019562083834486616,51.11929835598948,39.04477972120202,-0.23620274579478318,4,2026-12-02,Vasco x Vitoria,"Mais de 9,5 escanteios",0.3694636222951466,2.7066264163922162,Média
38,Muito agressivo,100.0,5,0.009962829090340025,100.37309592810355,71.67041773769854,-0.2859598772460352,1,2026-12-02,Palmeiras x Coritiba,Multi-gols 3-4,0.39830092410171775,2.510664523953303,Alta
38,Muito agressivo,100.0,5,0.009962829090340025,100.37309592810355,71.67041773769854,-0.2859598772460352,2,2026-12-02,Cruzeiro x Internacional,"Mais de 2,5 gols",0.399605918556906,2.502465437977728,Alta
38,Muito agressivo,100.0,5,0.009962829090340025,100.37309592810355,71.67041773769854,-0.2859598772460352,3,2026-12-02,Santos x Botafogo RJ,Vitória do mandante,0.3996498212329207,2.502190534991352,Alta
38,Muito agressivo,100.0,5,0.009962829090340025,100.37309592810355,71.67041773769854,-0.2859598772460352,4,2026-12-02,Athletico-PR x Sao Paulo,"Mais de 5,5 cartões",0.3961750475158401,2.5241367579062826,Média
38,Muito agressivo,100.0,5,0.009962829090340025,100.37309592810355,71.67041773769854,-0.2859598772460352,5,2026-12-02,Bragantino x Fluminense,Multi-gols 3-5,0.395341779254155,2.529456921771797,Alta
38,Risco máximo,250.0,6,0.003929374980467921,254.4934003424935,169.88055205771272,-0.33247560907634555,1,2026-12-02,Palmeiras x Coritiba,Multi-gols 3-4,0.39830092410171775,2.510664523953303,Alta
38,Risco máximo,250.0,6,0.003929374980467921,254.4934003424935,169.88055205771272,-0.33247560907634555,2,2026-12-02,Cruzeiro x Internacional,"Mais de 2,5 gols",0.399605918556906,2.502465437977728,Alta
38,Risco máximo,250.0,6,0.003929374980467921,254.4934003424935,169.88055205771272,-0.33247560907634555,3,2026-12-02,Santos x Botafogo RJ,Vitória do mandante,0.3996498212329207,2.502190534991352,Alta
38,Risco máximo,250.0,6,0.003929374980467921,254.4934003424935,169.88055205771272,-0.33247560907634555,4,2026-12-02,Athletico-PR x Sao Paulo,"Mais de 5,5 cartões",0.3961750475158401,2.5241367579062826,Média
38,Risco máximo,250.0,6,0.003929374980467921,254.4934003424935,169.88055205771272,-0.33247560907634555,5,2026-12-02,Bragantino x Fluminense,Multi-gols 3-5,0.395341779254155,2.529456921771797,Alta
38,Risco máximo,250.0,6,0.003929374980467921,254.4934003424935,169.88055205771272,-0.33247560907634555,6,2026-12-02,Gremio x Mirassol,"Mais de 5,5 cartões",0.3944035318519966,2.535474252231744,Média
