Home,Away,lambda_mandante,lambda_visitante,prob_H,prob_D,prob_A,gols_esperados_mandante,gols_esperados_visitante,gols_esperados_total,prob_over_25,prob_under_25,prob_ambas_marcam,prob_mandante_marca,prob_visitante_marca,placar_mais_provavel,prob_placar_mais_provavel,cotacao_minima_H,cotacao_minima_D,cotacao_minima_A,cotacao_minima_over_25,cotacao_minima_ambas_marcam,favorito
Athletico-PR,Atletico-MG,1.37969,1.00669,0.45587,0.26851,0.27561,1.37969,1.00669,2.38638,0.42673,0.57327,0.47338,0.74834,0.63457,1-0,0.12838,2.19359,3.72421,3.62829,2.34341,2.11248,Athletico-PR
Athletico-PR,Palmeiras,1.04363,1.25803,0.30797,0.27839,0.41364,1.04363,1.25803,2.30165,0.4044,0.5956,0.46216,0.64782,0.71579,1-1,0.12987,3.24704,3.59209,2.41757,2.4728,2.16375,Palmeiras
Athletico-PR,Remo,1.93488,0.88448,0.62103,0.21225,0.16672,1.93482,0.88448,2.8193,0.53514,0.46486,0.50107,0.85556,0.58707,1-0,0.1166,1.61022,4.71148,5.99813,1.86865,1.99571,Athletico-PR
Athletico-PR,Sao Paulo,1.33295,0.92473,0.46281,0.2761,0.2611,1.33295,0.92473,2.25768,0.39271,0.60729,0.44274,0.7363,0.60336,1-0,0.14093,2.16073,3.62192,3.83001,2.54641,2.25865,Athletico-PR
Athletico-PR,Vasco,1.74883,0.95927,0.56083,0.2325,0.20667,1.74881,0.95927,2.70808,0.50836,0.49164,0.5082,0.82602,0.61683,1-0,0.1179,1.78307,4.3011,4.83858,1.96712,1.96773,Athletico-PR
Atletico-MG,Bragantino,1.54847,0.95484,0.51288,0.25272,0.2344,1.54846,0.95484,2.50331,0.45704,0.54296,0.48295,0.78743,0.61513,1-0,0.12811,1.94976,3.957,4.2662,2.18801,2.07062,Atletico-MG
Atletico-MG,Corinthians,1.3975,0.89943,0.48685,0.26973,0.24342,1.3975,0.89943,2.29692,0.40315,0.59685,0.44507,0.75279,0.5932,1-0,0.14203,2.05404,3.70735,4.10814,2.48049,2.24686,Atletico-MG
Atletico-MG,Coritiba,1.96506,0.89204,0.62559,0.20947,0.16493,1.965,0.89204,2.85704,0.54404,0.45596,0.50629,0.85985,0.59018,1-0,0.11405,1.59848,4.77386,6.06313,1.83809,1.97517,Atletico-MG
Atletico-MG,Cruzeiro,1.29095,0.97944,0.43786,0.27834,0.2838,1.29095,0.97944,2.27039,0.39609,0.60391,0.45121,0.72499,0.62448,1-0,0.13485,2.28386,3.59273,3.52355,2.52465,2.21628,Atletico-MG
Atletico-MG,Santos,1.62794,0.9697,0.52917,0.24459,0.22624,1.62793,0.9697,2.59763,0.48098,0.51902,0.49754,0.80367,0.6208,1-0,0.12258,1.88976,4.08851,4.42,2.0791,2.00989,Atletico-MG
Atletico-MG,Vasco,1.78909,0.9591,0.57023,0.22852,0.20125,1.78906,0.9591,2.74817,0.51811,0.48189,0.5124,0.83289,0.61676,1-0,0.11587,1.75367,4.37599,4.96899,1.93011,1.95159,Atletico-MG
Bahia,Atletico-MG,1.43816,1.12759,0.44328,0.2592,0.29752,1.43815,1.12759,2.56574,0.47294,0.52706,0.51422,0.76263,0.67619,1-1,0.12318,2.2559,3.85803,3.36113,2.11445,1.94469,Bahia
Bahia,Coritiba,2.00224,0.99934,0.6075,0.20915,0.18335,2.00216,0.99934,3.0015,0.57716,0.42284,0.54539,0.86497,0.63188,1-0,0.1007,1.64609,4.7812,5.45411,1.73262,1.83357,Bahia
Bahia,Flamengo RJ,1.1973,1.53251,0.29869,0.24959,0.45172,1.1973,1.5325,2.7298,0.51365,0.48635,0.54582,0.69799,0.78401,1-1,0.11829,3.34798,4.00651,2.21377,1.94686,1.83209,Flamengo RJ
Bahia,Mirassol,1.54838,1.21962,0.4507,0.24779,0.3015,1.54837,1.21962,2.76799,0.52288,0.47712,0.55346,0.78741,0.70466,1-1,0.11718,2.21875,4.03563,3.31672,1.91247,1.80682,Bahia
Bahia,Sao Paulo,1.38944,1.03579,0.45162,0.2666,0.28178,1.38944,1.03579,2.42523,0.43687,0.56313,0.4828,0.75079,0.64505,1-1,0.12581,2.21424,3.75095,3.54889,2.28902,2.07124,Bahia
Botafogo RJ,Atletico-MG,1.50801,1.01178,0.48863,0.25596,0.25541,1.50801,1.01178,2.51978,0.46125,0.53875,0.49411,0.77865,0.63643,1-0,0.1228,2.04656,3.9068,3.91526,2.16801,2.02383,Botafogo RJ
Botafogo RJ,Bahia,1.68941,1.03092,0.52926,0.23858,0.23215,1.68939,1.03092,2.72031,0.51134,0.48866,0.5232,0.81537,0.64332,1-1,0.11335,1.88941,4.19141,4.30752,1.95564,1.91132,Botafogo RJ
Botafogo RJ,Chapecoense-SC,2.29252,0.77083,0.71774,0.17187,0.11038,2.29226,0.77083,3.06309,0.59084,0.40916,0.48212,0.89899,0.53737,2-0,0.1228,1.39325,5.81828,9.0593,1.69251,2.07418,Botafogo RJ
Botafogo RJ,Sao Paulo,1.45693,0.9294,0.49536,0.26264,0.242,1.45693,0.9294,2.38633,0.42672,0.57328,0.46276,0.76705,0.60521,1-0,0.13545,2.01871,3.80756,4.13223,2.34348,2.16093,Botafogo RJ
Botafogo RJ,Vasco,1.91149,0.96411,0.59649,0.21674,0.18677,1.91143,0.96411,2.87555,0.54837,0.45163,0.52598,0.85214,0.61868,1-0,0.10899,1.67648,4.61381,5.35416,1.82359,1.90121,Botafogo RJ
Bragantino,Chapecoense-SC,2.03558,0.84126,0.65262,0.20052,0.14686,2.03549,0.84126,2.87674,0.54865,0.45135,0.49341,0.86939,0.56883,2-0,0.11667,1.53228,4.98698,6.80939,1.82265,2.02673,Bragantino
Bragantino,Cruzeiro,1.22468,1.07452,0.39725,0.27962,0.32313,1.22468,1.07452,2.29919,0.40375,0.59625,0.46347,0.70615,0.65854,1-1,0.13049,2.51732,3.57628,3.0947,2.47679,2.15762,Bragantino
Bragantino,Fluminense,1.30836,1.09523,0.41587,0.27137,0.31276,1.30836,1.09523,2.4036,0.43123,0.56877,0.48415,0.72974,0.66554,1-1,0.12801,2.40458,3.68501,3.19736,2.31894,2.06548,Bragantino
Bragantino,Mirassol,1.44161,1.19435,0.42916,0.25655,0.31429,1.44161,1.19435,2.63596,0.49056,0.50944,0.53075,0.76345,0.6971,1-1,0.12192,2.33014,3.89784,3.18178,2.03848,1.88411,Bragantino
Bragantino,Santos,1.54437,1.06384,0.48551,0.25164,0.26285,1.54436,1.06384,2.6082,0.48363,0.51637,0.51367,0.78655,0.65487,1-1,0.11961,2.05969,3.97397,3.80443,2.0677,1.94678,Bragantino
Bragantino,Vasco,1.69725,1.05221,0.52604,0.23784,0.23612,1.69723,1.05221,2.74944,0.51841,0.48159,0.53027,0.81681,0.65083,1-1,0.11289,1.90099,4.20449,4.23516,1.92897,1.88584,Bragantino
Chapecoense-SC,Athletico-PR,1.07551,1.4957,0.27394,0.25577,0.47029,1.07551,1.49569,2.5712,0.47432,0.52568,0.50978,0.65888,0.77591,1-1,0.12153,3.65043,3.90984,2.12632,2.10829,1.96162,Athletico-PR
Chapecoense-SC,Cruzeiro,0.98352,1.48897,0.25114,0.25834,0.49052,0.98352,1.48897,2.47248,0.44911,0.55089,0.48333,0.62601,0.7744,0-1,0.12708,3.98189,3.8708,2.03866,2.22662,2.069,Cruzeiro
Chapecoense-SC,Fluminense,1.05073,1.51768,0.26388,0.25432,0.4818,1.05073,1.51767,2.5684,0.47361,0.52639,0.50632,0.65032,0.78078,1-1,0.12081,3.78961,3.9321,2.07554,2.11144,1.97504,Fluminense
Chapecoense-SC,Mirassol,1.15774,1.65502,0.26821,0.24073,0.49105,1.15774,1.65501,2.81274,0.53358,0.46642,0.5534,0.6858,0.80891,1-1,0.11369,3.72839,4.15396,2.03644,1.87413,1.807,Mirassol
Chapecoense-SC,Palmeiras,0.8134,1.91216,0.15396,0.21218,0.63386,0.8134,1.91211,2.72551,0.51261,0.48739,0.4732,0.55665,0.85224,0-1,0.12646,6.49533,4.71294,1.57763,1.95079,2.11326,Palmeiras
Chapecoense-SC,Vasco,1.36303,1.45805,0.35422,0.24861,0.39716,1.36303,1.45805,2.82108,0.53556,0.46444,0.56958,0.74412,0.76731,1-1,0.11694,2.82308,4.02228,2.51787,1.86722,1.75568,Vasco
Corinthians,Botafogo RJ,1.26787,1.06474,0.41158,0.2764,0.31202,1.26787,1.06474,2.33261,0.41259,0.58741,0.46926,0.71857,0.65518,1-1,0.12946,2.42965,3.61793,3.20494,2.42371,2.13103,Corinthians
Corinthians,Gremio,1.41955,0.9647,0.47673,0.26577,0.25749,1.41955,0.9647,2.38425,0.42617,0.57383,0.46776,0.75818,0.6189,1-0,0.1323,2.09762,3.76259,3.88359,2.34647,2.13786,Corinthians
Corinthians,Mirassol,1.35794,1.07791,0.43332,0.26787,0.29881,1.35794,1.07791,2.43585,0.43963,0.56037,0.48852,0.74281,0.65969,1-1,0.12661,2.30775,3.73316,3.34664,2.27464,2.04699,Corinthians
Corinthians,Vitoria,1.51448,0.79584,0.54443,0.25727,0.1983,1.51448,0.79584,2.31032,0.4067,0.5933,0.4267,0.78008,0.5488,1-0,0.15168,1.83677,3.88704,5.04283,2.45883,2.34355,Corinthians
Coritiba,Botafogo RJ,1.25746,1.49716,0.32023,0.25029,0.42948,1.25746,1.49716,2.75461,0.51966,0.48034,0.55409,0.71562,0.77624,1-1,0.11839,3.12274,3.99534,2.32841,1.92434,1.80478,Botafogo RJ
Coritiba,Flamengo RJ,1.04142,1.90451,0.20469,0.21894,0.57637,1.04142,1.90446,2.94588,0.56459,0.43541,0.54948,0.64705,0.8511,1-1,0.10301,4.88544,4.56737,1.73501,1.77121,1.8199,Flamengo RJ
Coritiba,Gremio,1.40789,1.35649,0.38584,0.25176,0.3624,1.40789,1.35649,2.76438,0.52201,0.47799,0.55938,0.75534,0.74244,1-1,0.11893,2.59174,3.97208,2.75938,1.91566,1.78769,Coritiba
Coritiba,Santos,1.44279,1.35005,0.39601,0.25007,0.35392,1.44278,1.35005,2.79283,0.52884,0.47116,0.56435,0.76373,0.74077,1-1,0.1179,2.52517,3.99891,2.8255,1.89094,1.77195,Coritiba
Coritiba,Vitoria,1.50204,1.11906,0.46179,0.25413,0.28408,1.50204,1.11906,2.6211,0.48685,0.51315,0.52203,0.77733,0.67341,1-1,0.1208,2.16547,3.93503,3.52015,2.054,1.91562,Coritiba
Cruzeiro,Bahia,1.5387,0.938,0.51455,0.25388,0.23157,1.53869,0.938,2.47669,0.4502,0.5498,0.47653,0.78534,0.60859,1-0,0.13071,1.94345,3.93885,4.31836,2.22125,2.09852,Cruzeiro
Cruzeiro,Internacional,1.40927,0.87433,0.49634,0.26895,0.23471,1.40926,0.87433,2.28359,0.39961,0.60039,0.43898,0.75568,0.58286,1-0,0.1451,2.01476,3.71811,4.26059,2.50247,2.27802,Cruzeiro
Cruzeiro,Palmeiras,1.03893,1.15043,0.32769,0.28842,0.3839,1.03893,1.15043,2.18936,0.37443,0.62557,0.44008,0.64617,0.6835,1-1,0.13228,3.05169,3.4672,2.60488,2.67072,2.2723,Palmeiras
Cruzeiro,Remo,1.92618,0.80883,0.638,0.21052,0.15148,1.92612,0.80883,2.73495,0.51491,0.48509,0.47262,0.85429,0.55462,1-0,0.12619,1.56741,4.7501,6.60145,1.9421,2.11586,Cruzeiro
Cruzeiro,Sao Paulo,1.32696,0.84564,0.48081,0.27932,0.23987,1.32696,0.84564,2.1726,0.36993,0.63007,0.41781,0.73472,0.57072,1-0,0.15262,2.0798,3.58018,4.16893,2.70322,2.39341,Cruzeiro
Flamengo RJ,Athletico-PR,1.91864,0.81909,0.63382,0.2117,0.15448,1.91859,0.81909,2.73768,0.51557,0.48443,0.47588,0.85319,0.55917,1-0,0.12536,1.57774,4.72364,6.47326,1.9396,2.10135,Flamengo RJ
Flamengo RJ,Atletico-MG,1.91831,0.83795,0.62903,0.2124,0.15857,1.91826,0.83795,2.75621,0.52005,0.47995,0.48288,0.85314,0.5674,1-0,0.12307,1.58975,4.708,6.30651,1.92289,2.07092,Flamengo RJ
Flamengo RJ,Chapecoense-SC,2.91626,0.6384,0.83416,0.11114,0.05471,2.91433,0.6384,3.55273,0.68907,0.31093,0.44569,0.94585,0.47186,2-0,0.12161,1.19882,8.99784,18.27946,1.45123,2.24373,Flamengo RJ
Flamengo RJ,Fluminense,1.87443,0.83113,0.62124,0.21681,0.16195,1.87438,0.83113,2.70551,0.50773,0.49227,0.47661,0.84656,0.56444,1-0,0.1265,1.60968,4.61242,6.17462,1.96954,2.09815,Flamengo RJ
Flamengo RJ,Gremio,2.15903,0.81116,0.68404,0.1869,0.12906,2.15888,0.81116,2.97004,0.57009,0.42991,0.49046,0.88456,0.55566,2-0,0.11955,1.4619,5.35041,7.74838,1.75411,2.03892,Flamengo RJ
Fluminense,Coritiba,1.94907,0.87163,0.62723,0.21039,0.16238,1.94901,0.87163,2.82064,0.53546,0.46454,0.4977,0.85759,0.58173,1-0,0.11728,1.59432,4.753,6.15845,1.86754,2.00924,Fluminense
Fluminense,Cruzeiro,1.28044,0.95704,0.44023,0.2804,0.27936,1.28044,0.95704,2.23748,0.38732,0.61268,0.44325,0.72209,0.61597,1-0,0.13819,2.27153,3.56628,3.57955,2.58186,2.25608,Fluminense
Fluminense,Internacional,1.43644,0.93407,0.48876,0.26473,0.24652,1.43643,0.93407,2.37051,0.42257,0.57743,0.46124,0.76223,0.60705,1-0,0.13568,2.04601,3.77749,4.0565,2.36648,2.16808,Fluminense
Fluminense,Mirassol,1.50726,1.06376,0.47604,0.255,0.26896,1.50725,1.06376,2.57102,0.47427,0.52573,0.50835,0.77848,0.65485,1-1,0.12115,2.10067,3.92163,3.71796,2.1085,1.96716,Fluminense
Fluminense,Santos,1.61469,0.94752,0.53136,0.24597,0.22268,1.61468,0.94752,2.5622,0.47204,0.52796,0.48909,0.80105,0.6123,1-0,0.12593,1.88198,4.06562,4.49076,2.11845,2.04459,Fluminense
Gremio,Athletico-PR,1.36656,1.10733,0.42892,0.26592,0.30516,1.36656,1.10733,2.47388,0.44947,0.55053,0.49734,0.74502,0.66956,1-1,0.126,2.33145,3.76052,3.27696,2.22484,2.01072,Gremio
Gremio,Bahia,1.53068,1.15425,0.46101,0.25087,0.28812,1.53067,1.15425,2.68492,0.50268,0.49732,0.53513,0.78361,0.68471,1-1,0.11913,2.16915,3.98613,3.47077,1.98935,1.86871,Gremio
Gremio,Cruzeiro,1.24967,1.10235,0.39806,0.2759,0.32604,1.24967,1.10235,2.35202,0.41771,0.58229,0.47495,0.7134,0.66791,1-1,0.12957,2.5122,3.62444,3.06713,2.39402,2.1055,Gremio
Gremio,Internacional,1.40192,1.0759,0.4456,0.26408,0.29033,1.40192,1.0759,2.47782,0.45048,0.54952,0.49532,0.75388,0.65901,1-1,0.1251,2.24419,3.78679,3.44438,2.21983,2.01888,Gremio
Gremio,Mirassol,1.47104,1.22528,0.42989,0.25326,0.31684,1.47103,1.22528,2.69631,0.50547,0.49453,0.54266,0.77031,0.70632,1-1,0.12015,2.32617,3.94844,3.15613,1.97835,1.84276,Gremio
Internacional,Botafogo RJ,1.34754,1.10339,0.42469,0.26769,0.30762,1.34754,1.10339,2.45092,0.44354,0.55646,0.49308,0.74012,0.66825,1-1,0.12668,2.35466,3.73569,3.25073,2.2546,2.02805,Internacional
Internacional,Bragantino,1.47066,0.97972,0.48665,0.26025,0.2531,1.47066,0.97972,2.45038,0.4434,0.5566,0.47961,0.77023,0.62458,1-0,0.12832,2.05487,3.84247,3.95098,2.25531,2.08502,Internacional
Internacional,Corinthians,1.32728,0.92286,0.46168,0.27678,0.26154,1.32728,0.92286,2.25014,0.3907,0.6093,0.44129,0.7348,0.60262,1-0,0.14139,2.16599,3.613,3.82353,2.55952,2.26609,Internacional
Internacional,Coritiba,1.86633,0.91528,0.59849,0.22,0.18151,1.86629,0.91528,2.78156,0.52615,0.47385,0.5056,0.84531,0.59959,1-0,0.11684,1.67086,4.54545,5.50945,1.90061,1.97785,Internacional
Internacional,Vitoria,1.60965,0.82473,0.56111,0.24609,0.1928,1.60964,0.82473,2.43437,0.43925,0.56075,0.44797,0.80004,0.56165,1-0,0.14246,1.78219,4.06351,5.18673,2.27663,2.23227,Internacional
Mirassol,Athletico-PR,1.52692,1.05927,0.48215,0.25331,0.26455,1.52691,1.05927,2.58618,0.4781,0.5219,0.50996,0.7828,0.65329,1-1,0.12037,2.07406,3.9478,3.78002,2.09163,1.96093,Mirassol
Mirassol,Atletico-MG,1.52666,1.08365,0.47633,0.25284,0.27083,1.52665,1.08365,2.6103,0.48416,0.51584,0.51647,0.78274,0.66164,1-1,0.12019,2.09938,3.9551,3.69233,2.06545,1.93624,Mirassol
Mirassol,Internacional,1.56643,1.02921,0.49935,0.25013,0.25052,1.56642,1.02921,2.59562,0.48047,0.51953,0.50711,0.79121,0.64271,1-1,0.11885,2.00259,3.99793,3.99173,2.08128,1.97198,Mirassol
Mirassol,Sao Paulo,1.47494,0.99543,0.48396,0.2595,0.25653,1.47494,0.99543,2.47037,0.44856,0.55144,0.48474,0.77121,0.63044,1-0,0.12617,2.06627,3.85353,3.89813,2.22933,2.06297,Mirassol
Palmeiras,Bahia,1.97602,0.77575,0.65671,0.20386,0.13943,1.97596,0.77575,2.75171,0.51897,0.48103,0.46369,0.86138,0.53964,1-0,0.12725,1.52275,4.90525,7.17205,1.9269,2.15662,Palmeiras
Palmeiras,Bragantino,1.93508,0.72226,0.66176,0.20592,0.13232,1.93502,0.72226,2.65728,0.49587,0.50413,0.43892,0.85559,0.51435,1-0,0.13687,1.51111,4.85635,7.55747,2.01668,2.27833,Palmeiras
Palmeiras,Corinthians,1.74642,0.68034,0.63159,0.22641,0.142,1.74639,0.68034,2.42674,0.43727,0.56273,0.40625,0.8256,0.49356,1-0,0.15548,1.5833,4.41682,7.04218,2.28694,2.46154,Palmeiras
Palmeiras,Coritiba,2.45568,0.67476,0.76628,0.15054,0.08317,2.45522,0.67476,3.12998,0.60537,0.39463,0.44776,0.91419,0.49072,2-0,0.13177,1.305,6.64265,12.0231,1.65188,2.23334,Palmeiras
Palmeiras,Flamengo RJ,1.46845,1.03475,0.47284,0.25924,0.26792,1.46845,1.03475,2.5032,0.45701,0.54299,0.49477,0.76972,0.64469,1-1,0.12287,2.11488,3.85747,3.73242,2.18815,2.02116,Palmeiras
Palmeiras,Remo,2.47362,0.66892,0.77029,0.14852,0.08119,2.47313,0.66892,3.14206,0.60796,0.39204,0.44579,0.91572,0.48774,2-0,0.13209,1.29821,6.73293,12.31748,1.64486,2.2432,Palmeiras
Remo,Botafogo RJ,1.24659,1.5081,0.31549,0.24989,0.43462,1.24659,1.50809,2.75468,0.51968,0.48032,0.55341,0.71252,0.77867,1-1,0.11822,3.16969,4.00169,2.30087,1.92428,1.80698,Botafogo RJ
Remo,Bragantino,1.36049,1.33907,0.37728,0.25531,0.36741,1.36049,1.33907,2.69956,0.50627,0.49373,0.54717,0.74346,0.73791,1-1,0.12105,2.65055,3.91681,2.72176,1.97524,1.82758,Remo
Remo,Chapecoense-SC,1.88524,1.07539,0.56403,0.22116,0.21481,1.8852,1.07539,2.96059,0.56793,0.43207,0.55759,0.84821,0.65883,1-1,0.10376,1.77295,4.52161,4.65529,1.76078,1.79342,Remo
Remo,Corinthians,1.22785,1.26135,0.35817,0.26767,0.37417,1.22785,1.26135,2.4892,0.45341,0.54659,0.50527,0.70708,0.71673,1-1,0.127,2.792,3.73596,2.67262,2.20549,1.97912,Corinthians
Remo,Gremio,1.39572,1.3664,0.38072,0.25194,0.36734,1.39572,1.3664,2.76212,0.52147,0.47853,0.55907,0.75235,0.74498,1-1,0.11903,2.62661,3.96919,2.72226,1.91766,1.7887,Remo
Santos,Bahia,1.5234,1.18286,0.45267,0.25069,0.29664,1.5234,1.18286,2.70625,0.50791,0.49209,0.541,0.78203,0.6936,1-1,0.11893,2.2091,3.98898,3.37113,1.96886,1.84842,Santos
Santos,Botafogo RJ,1.36694,1.24031,0.39965,0.25992,0.34043,1.36694,1.24031,2.60725,0.48339,0.51661,0.52809,0.74511,0.71071,1-1,0.12355,2.50219,3.84733,2.93746,2.06873,1.89362,Santos
Santos,Flamengo RJ,1.13209,1.57777,0.27456,0.24749,0.47795,1.13209,1.57777,2.70986,0.50879,0.49121,0.53636,0.67764,0.79357,1-1,0.11747,3.64223,4.04052,2.09227,1.96545,1.86443,Flamengo RJ
Santos,Gremio,1.53047,1.12378,0.46796,0.25162,0.28042,1.53046,1.12378,2.65424,0.4951,0.5049,0.52745,0.78357,0.67495,1-1,0.11958,2.13694,3.9742,3.5661,2.01979,1.89593,Santos
Santos,Palmeiras,1.0286,1.45074,0.26929,0.26106,0.46965,1.0286,1.45073,2.47934,0.45088,0.54912,0.49043,0.64249,0.7656,1-1,0.12358,3.71345,3.83056,2.12925,2.2179,2.03904,Palmeiras
Sao Paulo,Corinthians,1.28373,0.86896,0.46267,0.28366,0.25366,1.28373,0.86896,2.15269,0.36457,0.63543,0.41826,0.723,0.58061,1-0,0.15065,2.16136,3.5253,3.94221,2.74293,2.39086,Sao Paulo
Sao Paulo,Fluminense,1.26688,0.96451,0.4346,0.28147,0.28393,1.26688,0.96451,2.23139,0.38569,0.61431,0.44296,0.71829,0.61883,1-0,0.13758,2.30095,3.55284,3.52197,2.59275,2.25755,Sao Paulo
Sao Paulo,Remo,1.81827,0.85437,0.60292,0.22346,0.17362,1.81824,0.85437,2.67261,0.49965,0.50035,0.47995,0.83769,0.57445,1-0,0.12685,1.65859,4.47516,5.75964,2.00141,2.08354,Sao Paulo
Sao Paulo,Santos,1.49541,0.93686,0.50364,0.25844,0.23792,1.4954,0.93686,2.43226,0.4387,0.5613,0.47038,0.77584,0.60814,1-0,0.1328,1.98555,3.8694,4.20304,2.27948,2.12595,Sao Paulo
Sao Paulo,Vasco,1.64344,0.92661,0.54364,0.24298,0.21339,1.64343,0.92661,2.57004,0.47403,0.52597,0.48596,0.80669,0.60411,1-0,0.12714,1.83946,4.11563,4.68633,2.10959,2.0578,Sao Paulo
Sao Paulo,Vitoria,1.55683,0.77656,0.56035,0.25201,0.18763,1.55682,0.77656,2.33338,0.41279,0.58721,0.4248,0.7892,0.54002,1-0,0.15234,1.78459,3.96806,5.32953,2.42251,2.35404,Sao Paulo
Vasco,Corinthians,1.33167,1.14007,0.41216,0.26731,0.32053,1.33167,1.14007,2.47174,0.44892,0.55108,0.4991,0.73596,0.6802,1-1,0.12669,2.42626,3.74096,3.11981,2.22758,2.00361,Vasco
Vasco,Flamengo RJ,1.11972,1.73396,0.24672,0.23447,0.51881,1.11972,1.73394,2.85365,0.54324,0.45676,0.55336,0.67363,0.82342,1-1,0.11058,4.0532,4.265,1.92747,1.8408,1.80714,Flamengo RJ
Vasco,Internacional,1.38,1.21171,0.40926,0.26035,0.33039,1.38,1.21171,2.59171,0.47949,0.52051,0.52415,0.74842,0.70231,1-1,0.12376,2.44342,3.84102,3.02672,2.08556,1.90783,Vasco
Vasco,Remo,1.88618,1.12093,0.55354,0.22159,0.22487,1.88613,1.12093,3.00706,0.5784,0.4216,0.57058,0.84835,0.67402,1-1,0.10329,1.80656,4.51284,4.44699,1.72891,1.7526,Vasco
Vasco,Vitoria,1.61497,1.01885,0.51399,0.24564,0.24037,1.61496,1.01885,2.6338,0.49003,0.50997,0.51051,0.8011,0.63899,1-0,0.11735,1.94556,4.07104,4.16022,2.04071,1.95883,Vasco
Vitoria,Athletico-PR,1.12736,1.18138,0.34678,0.27981,0.37341,1.12736,1.18138,2.30874,0.40628,0.59372,0.46709,0.67611,0.69314,1-1,0.13081,2.88371,3.57383,2.678,2.46137,2.14092,Athletico-PR
Vitoria,Bragantino,1.23659,1.14653,0.38473,0.27435,0.34092,1.23659,1.14653,2.38312,0.42587,0.57413,0.48262,0.70963,0.68226,1-1,0.12927,2.59926,3.64495,2.93322,2.34811,2.07204,Vitoria
Vitoria,Chapecoense-SC,1.71355,0.92076,0.56203,0.23566,0.20231,1.71353,0.92076,2.63429,0.49015,0.50985,0.492,0.81977,0.60178,1-0,0.12431,1.77928,4.2434,4.9428,2.0402,2.03253,Vitoria
Vitoria,Fluminense,1.10138,1.19874,0.33589,0.28014,0.38397,1.10138,1.19874,2.30012,0.40399,0.59601,0.46471,0.66759,0.69843,1-1,0.1308,2.97714,3.56962,2.6044,2.47529,2.1519,Fluminense
Vitoria,Santos,1.30005,1.16437,0.39824,0.26853,0.33322,1.30005,1.16437,2.46442,0.44703,0.55297,0.49891,0.72748,0.68788,1-1,0.12724,2.51103,3.72392,3.00099,2.23699,2.00437,Vitoria
